order_id,due date,start_time,finish_time,through_put_time,lateness,fitness,priority,variant0,quantity0,variant1,quantity1,variant2,quantity2,planned_week,finished_week,planned_day,finished_day
1,13111,5652.9,9287.0,3634.1000000000004,-3824.0,-0.008497777777777778,4,FUSE0,10,FUSE1,10,FUSE2,9,1,1,1,1
2,25746,20688.1326,24414.8326,3726.7000000000007,-1331.1673999999985,-0.0010458638838160715,2,FUSE0,9,FUSE1,9,FUSE2,9,1,1,1,1
3,15346,10310.7,13415.5,3104.7999999999993,-1930.5,-0.00053625,1,FUSE0,8,FUSE1,8,FUSE2,7,1,1,1,1
4,323894,352871.301,356346.001,3474.7000000000116,32452.00099999999,1610.6344938805178,2,FUSE0,8,FUSE1,8,FUSE2,9,3,3,12,3
5,9710,0.0,5997.8,5997.8,-3712.2,-0.0010311666666666666,1,FUSE0,7,FUSE1,7,FUSE2,7,1,1,1,1
6,88839,85770.4576,89281.7576,3511.300000000003,442.7575999999972,49.34686044961012,4,FUSE0,7,FUSE1,7,FUSE2,8,1,1,3,4
7,96008,91524.9036,96155.0036,4630.099999999991,147.00359999999637,22.85040537618886,5,FUSE0,9,FUSE1,9,FUSE2,9,1,1,3,4
8,452803,485194.6437,488659.3361,3464.6924,35856.336100000015,645.4348043672255,1,FUSE0,9,FUSE1,9,FUSE2,10,4,4,17,2
9,255134,272142.4835,275610.5835,3468.100000000035,20476.583500000008,328.9604140977598,1,FUSE0,8,FUSE1,8,FUSE2,7,2,2,9,5
10,204323,227296.2517,230750.0517,3453.8000000000175,26427.05170000001,1254.2917427193177,2,FUSE0,9,FUSE1,9,FUSE2,9,2,2,8,4
11,262355,277591.3835,282799.0835,5207.700000000012,20444.083500000008,328.36067150181793,1,FUSE0,10,FUSE1,10,FUSE2,10,2,2,10,5
12,537821,568321.2243,573612.4266,5291.2023000000045,35791.426600000006,1821.371527465546,2,FUSE0,8,FUSE1,8,FUSE2,9,4,4,19,5
13,408074,435255.1999,439324.5292,4069.329299999983,31250.52919999999,2823.968992202593,3,FUSE0,8,FUSE1,7,FUSE2,8,3,4,15,1
14,106927,103836.4334,107112.0896,3275.656200000012,185.0896000000066,2.57399594276575,1,FUSE0,8,FUSE1,8,FUSE2,9,1,1,4,4
15,197946,217470.7517,221594.1517,4123.399999999994,23648.151699999988,388.80900843172503,1,FUSE0,10,FUSE1,9,FUSE2,9,2,2,7,3
16,131233,131811.6896,135144.3896,3332.6999999999825,3911.389599999995,55.82753789116701,1,FUSE0,9,FUSE1,9,FUSE2,8,1,1,5,5
17,247862,263136.0835,266628.3835,3492.2999999999884,18766.383499999996,842.2090296506117,2,FUSE0,9,FUSE1,9,FUSE2,9,2,2,9,5
18,220782,245022.6517,248514.3517,3491.7000000000116,27732.3517,469.86645744564106,1,FUSE0,8,FUSE1,8,FUSE2,8,2,2,8,4
19,48749,33150.3326,36255.4326,3105.0999999999985,-12493.5674,-0.003470435388888889,1,FUSE0,8,FUSE1,8,FUSE2,7,1,1,2,2
20,217663,238280.2517,242987.0517,4706.8000000000175,25324.05170000001,421.51462470726585,1,FUSE0,8,FUSE1,8,FUSE2,9,2,2,8,4
21,463214,492693.0361,496562.6361,3869.5999999999767,33348.6361,1666.2609524289646,2,FUSE0,9,FUSE1,9,FUSE2,9,4,4,17,3
22,564753,600801.767,604331.667,3529.9000000000233,39578.667000000016,2072.5004059074718,2,FUSE0,10,FUSE1,10,FUSE2,9,4,5,20,1
23,349665,389501.2999,392758.5208,3257.220900000015,43093.5208,819.4261009655735,1,FUSE0,8,FUSE1,7,FUSE2,8,3,3,13,4
24,476101,510644.9361,513985.2361,3340.2999999999884,37884.23609999998,692.4377510439148,1,FUSE0,9,FUSE1,8,FUSE2,9,4,4,17,3
25,294610,310230.8214,318449.8721,8219.050699999963,23839.87209999998,1110.1916834771862,2,FUSE0,9,FUSE1,9,FUSE2,9,3,3,11,2
26,541871,573643.7266,577630.267,3986.54039999994,35759.26699999999,5145.743628544842,4,FUSE0,7,FUSE1,7,FUSE2,8,4,5,19,1
27,101759,97459.9334,101033.1036,3573.1702000000078,-725.8963999999978,-0.00020163788888888828,1,FUSE0,9,FUSE1,9,FUSE2,10,1,1,4,4
28,312043,332538.5948,337138.0721,4599.47729999997,25095.07209999999,417.00100231107064,1,FUSE0,9,FUSE1,9,FUSE2,9,3,3,11,2
29,137182,137938.9896,141317.6896,3378.7000000000116,4135.689600000012,167.22188001653433,2,FUSE0,8,FUSE1,8,FUSE2,9,1,1,5,5
30,174263,192117.8287,195770.2339,3652.4051999999792,21507.233899999992,2784.9659602551055,4,FUSE0,8,FUSE1,8,FUSE2,9,2,2,7,2
31,106310,100432.8036,104409.2338,3976.4302000000025,-1900.7661999999982,-0.0014933829660779825,2,FUSE0,8,FUSE1,8,FUSE2,8,1,1,4,4
32,527141,553988.0361,557612.0641,3624.027999999933,30471.06409999996,526.8537163983258,1,FUSE0,9,FUSE1,8,FUSE2,9,4,4,19,5
33,499150,532622.5902,536698.3361,4075.74589999998,37548.33609999996,684.5604480044392,1,FUSE0,7,FUSE1,7,FUSE2,7,4,4,18,4
34,525427,552478.8361,556219.1361,3740.3000000000466,30792.136100000003,2773.0705174183104,3,FUSE0,9,FUSE1,9,FUSE2,8,4,4,19,5
35,309227,330412.4721,335899.501,5487.028899999976,26672.50099999999,1268.2335554980577,2,FUSE0,9,FUSE1,9,FUSE2,9,3,3,11,2
36,66493,49717.4582,54390.8216,4673.363400000002,-12102.178399999997,-0.009508369348632624,2,FUSE0,9,FUSE1,9,FUSE2,9,1,1,2,2
37,319267,343858.801,347205.901,3347.100000000035,27938.901000000013,474.08917660136683,1,FUSE0,9,FUSE1,9,FUSE2,8,3,3,12,3
38,313942,334626.6948,338648.401,4021.706200000015,24706.401000000013,4576.921933060348,5,FUSE0,8,FUSE1,8,FUSE2,8,3,3,11,2
39,120593,116135.3896,120655.3896,4520.0,62.38959999999497,0.8668977610659656,1,FUSE0,8,FUSE1,8,FUSE2,7,1,1,4,5
40,560346,596836.967,600150.067,3313.100000000093,39804.06700000004,738.1724825435952,1,FUSE0,9,FUSE1,9,FUSE2,9,4,5,20,1
41,260238,276221.8835,281050.9835,4829.099999999977,20812.983499999973,335.18414047147905,1,FUSE0,8,FUSE1,8,FUSE2,7,2,2,9,5
42,148878,150197.4896,154040.1896,3842.7000000000116,5162.189600000012,74.32985638008228,1,FUSE0,9,FUSE1,9,FUSE2,9,2,2,6,1
43,320031,346926.401,350198.001,3271.5999999999767,30167.00099999999,1471.9679479055394,2,FUSE0,8,FUSE1,8,FUSE2,8,3,3,12,3
44,283866,298912.3214,304735.8214,5823.5,20869.821400000015,951.0262956425537,2,FUSE0,9,FUSE1,9,FUSE2,9,2,3,10,1
45,180557,199719.5339,203349.0339,3629.5,22792.03390000001,1053.2868308479697,2,FUSE0,10,FUSE1,9,FUSE2,10,2,2,7,3
46,178506,198345.1287,201593.4339,3248.3052000000025,23087.433900000004,378.03532076328696,1,FUSE0,8,FUSE1,8,FUSE2,7,2,2,7,2
47,45045,30062.6326,33235.0326,3172.399999999998,-11809.967400000001,-0.017046219643776762,3,FUSE0,8,FUSE1,8,FUSE2,7,1,1,1,2
48,128166,128811.9896,132179.9896,3368.0,4013.989600000001,162.16267800665494,2,FUSE0,8,FUSE1,8,FUSE2,9,1,1,5,5
49,321875,351511.701,354666.401,3154.7000000000116,32791.40100000001,576.8609415705026,1,FUSE0,8,FUSE1,8,FUSE2,7,3,3,12,3
50,446235,472985.1361,477064.7361,4079.5999999999767,30829.73609999998,1511.7343344782214,2,FUSE0,8,FUSE1,8,FUSE2,9,4,4,16,2
51,558669,593830.967,597310.067,3479.100000000093,38641.06700000004,710.3217079282796,1,FUSE0,9,FUSE1,8,FUSE2,9,4,5,20,1
52,494446,525838.7361,532475.2902,6636.554100000067,38029.29020000005,695.8508412248623,1,FUSE0,7,FUSE1,7,FUSE2,8,4,4,18,4
53,391094,424898.4999,428193.9999,3295.5,37099.999899999995,674.1034636315841,1,FUSE0,8,FUSE1,8,FUSE2,8,3,3,15,5
54,515218,543675.3902,547099.4361,3424.0459000000264,31881.43610000005,557.0573465482051,1,FUSE0,9,FUSE1,9,FUSE2,8,4,4,19,4
55,173677,190609.8287,194377.4287,3767.5999999999767,20700.42869999999,942.1449164196974,2,FUSE0,8,FUSE1,8,FUSE2,9,2,2,7,2
56,200143,220882.6517,224291.7517,3409.100000000006,24148.751699999993,398.4987350668168,1,FUSE0,8,FUSE1,8,FUSE2,8,2,2,8,3
57,381851,415880.8999,419243.2999,3362.399999999965,37392.29989999998,680.9136730910803,1,FUSE0,8,FUSE1,8,FUSE2,9,3,3,14,5
58,188346,209027.5287,214252.5517,5225.023000000016,25906.55170000001,433.0617195063391,1,FUSE0,8,FUSE1,8,FUSE2,9,2,2,7,3
59,13312,7526.7,10627.4,3100.7,-2684.6000000000004,-0.0007457222222222223,1,FUSE0,8,FUSE1,8,FUSE2,8,1,1,1,1
60,158630,172515.0896,184103.2337,11588.144100000005,25473.23370000001,2205.5745339352343,3,FUSE0,8,FUSE1,7,FUSE2,7,2,2,6,2
61,445663,470834.1361,475575.8361,4741.700000000012,29912.836100000015,4120.492299953367,4,FUSE0,9,FUSE1,9,FUSE2,8,4,4,16,2
62,266649,281431.8835,285539.9359,4108.052399999986,18890.935899999982,300.01279889415434,1,FUSE0,8,FUSE1,8,FUSE2,9,2,2,10,5
63,61895,46581.8582,49877.7582,3295.899999999994,-12017.241800000003,-0.0033381227222222232,1,FUSE0,7,FUSE1,8,FUSE2,8,1,1,2,2
64,484528,517009.4361,520582.9361,3573.5,36054.93609999999,649.9797273605998,1,FUSE0,9,FUSE1,9,FUSE2,10,4,4,18,4
65,253650,270599.7835,274218.5835,3618.7999999999884,20568.583500000008,330.6596155521766,1,FUSE0,8,FUSE1,9,FUSE2,9,2,2,9,5
66,88603,84103.6576,87976.0576,3872.399999999994,-626.9423999999999,-0.00017415066666666665,1,FUSE0,8,FUSE1,8,FUSE2,8,1,1,3,4
67,157110,167948.1991,183881.1287,15932.929600000003,26771.1287,450.37367763406434,1,FUSE0,9,FUSE1,10,FUSE2,10,2,2,6,2
68,476609,512189.7361,515534.9361,3345.2000000000116,38925.93609999999,8017.444387681824,5,FUSE0,9,FUSE1,9,FUSE2,8,4,4,17,3
69,259881,275116.5835,277930.5835,2814.0,18049.583500000008,284.90997782037743,1,FUSE0,6,FUSE1,6,FUSE2,7,2,2,9,5
70,250200,264781.5835,267970.7835,3189.2000000000116,17770.78350000002,279.9441414665014,1,FUSE0,8,FUSE1,8,FUSE2,8,2,2,9,5
71,529596,555725.5361,562501.5243,6775.988200000022,32905.52430000005,3010.4549243139395,3,FUSE0,8,FUSE1,8,FUSE2,8,4,4,19,5
72,151823,155151.9896,158413.9896,3262.0,6590.989600000001,95.862278384917,1,FUSE0,8,FUSE1,8,FUSE2,8,2,2,6,1
73,326669,357459.301,361024.101,3564.8000000000466,34355.101000000024,611.4818840735932,1,FUSE0,10,FUSE1,10,FUSE2,10,3,3,12,3
74,385784,418856.1999,422210.4999,3354.2999999999884,36426.499899999995,3421.7528102423416,3,FUSE0,8,FUSE1,8,FUSE2,9,3,3,14,5
75,116240,111358.5896,114823.2896,3464.699999999997,-1416.7103999999963,-0.004399806609487375,5,FUSE0,10,FUSE1,9,FUSE2,10,1,1,4,4
76,544183,575405.567,579057.467,3651.899999999907,34874.466999999946,623.1482007693985,1,FUSE0,8,FUSE1,8,FUSE2,8,4,5,20,1
77,152902,157872.4042,161234.3896,3361.985400000005,8332.389599999995,981.5203771283105,4,FUSE0,8,FUSE1,8,FUSE2,7,2,2,6,1
78,429151,456669.9292,466252.5361,9582.606900000013,37101.53610000003,674.1391828701497,1,FUSE0,8,FUSE1,7,FUSE2,8,4,4,16,2
79,298834,316844.4721,322320.8249,5476.352799999993,23486.824900000007,385.70065719104616,1,FUSE0,7,FUSE1,7,FUSE2,8,3,3,11,2
80,532899,566689.2243,570946.467,4257.242699999944,38047.466999999946,696.2790222371842,1,FUSE0,8,FUSE1,8,FUSE2,7,4,4,19,5
81,327887,360668.601,363776.901,3108.2999999999884,35889.90100000001,1827.735408029876,2,FUSE0,7,FUSE1,7,FUSE2,8,3,3,12,3
82,499119,529877.9361,535306.3361,5428.399999999907,36187.33609999996,1847.0100006014316,2,FUSE0,9,FUSE1,9,FUSE2,9,4,4,18,4
83,456316,488169.0361,493050.1361,4881.099999999977,36734.1361,665.618181528425,1,FUSE0,8,FUSE1,8,FUSE2,8,4,4,17,3
84,28926,25499.3326,28936.1326,3436.7999999999993,10.13260000000082,0.1407404585647143,1,FUSE0,8,FUSE1,8,FUSE2,9,1,1,1,2
85,162721,177067.8337,187937.1725,10869.338799999998,25216.172499999986,1186.2036788388893,2,FUSE0,8,FUSE1,9,FUSE2,9,2,2,6,2
86,524423,551202.8361,554529.4361,3326.600000000093,30106.43610000005,1468.3520661773925,2,FUSE0,7,FUSE1,7,FUSE2,8,4,4,19,5
87,474774,507817.7361,511188.4361,3370.7000000000116,36414.43609999999,1861.7803904243217,2,FUSE0,8,FUSE1,8,FUSE2,8,4,4,17,3
88,239735,251338.2517,256049.8835,4711.631800000003,16314.883499999996,719.3327212460711,2,FUSE0,7,FUSE1,7,FUSE2,8,2,2,9,4
89,547706,582287.267,585445.567,3158.3000000000466,37739.56700000004,689.040561741165,1,FUSE0,8,FUSE1,8,FUSE2,8,4,5,20,1
90,559827,595438.567,598595.267,3156.6999999999534,38768.26699999999,713.3459469034644,1,FUSE0,8,FUSE1,8,FUSE2,8,4,5,20,1
91,336332,370539.101,373886.201,3347.0999999999767,37554.201,3557.793471030296,3,FUSE0,8,FUSE1,8,FUSE2,8,3,3,13,3
92,126280,124687.5896,127982.2896,3294.699999999997,1702.2896000000037,23.924620496230453,1,FUSE0,8,FUSE1,9,FUSE2,8,1,1,5,5
93,120438,114426.1896,118024.5896,3598.4000000000087,-2413.4103999999934,-0.003483457860262596,3,FUSE0,10,FUSE1,10,FUSE2,9,1,1,4,5
94,30786,26955.0326,30495.3326,3540.300000000003,-290.66739999999845,-8.074094444444401e-05,1,FUSE0,8,FUSE1,8,FUSE2,9,1,1,1,2
95,287966,303089.5214,313487.9214,10398.399999999965,25521.921399999992,425.4265903294405,1,FUSE0,9,FUSE1,9,FUSE2,9,2,3,10,1
96,531703,562378.0243,567050.4243,4672.399999999907,35347.424299999955,633.8455161543421,1,FUSE0,8,FUSE1,8,FUSE2,10,4,4,19,5
97,399273,431486.9999,436258.8292,4771.829299999983,36985.82919999998,671.4509344129951,1,FUSE0,8,FUSE1,8,FUSE2,7,3,4,15,1
98,75568,63316.6582,68496.6582,5180.000000000007,-7071.341799999995,-0.015714092888888878,4,FUSE0,9,FUSE1,9,FUSE2,10,1,1,3,3
99,518163,545239.9361,548768.6361,3528.6999999999534,30605.636100000003,1498.2465831381328,2,FUSE0,8,FUSE1,8,FUSE2,8,4,4,19,5
100,174836,193784.7287,197097.0287,3312.2999999999884,22261.028699999995,362.30886366593415,1,FUSE0,7,FUSE1,7,FUSE2,7,2,2,7,2
101,188369,210471.9287,215496.1517,5024.222999999998,27127.151699999988,457.5631936010438,1,FUSE0,8,FUSE1,8,FUSE2,9,2,2,7,3
102,465335,497560.7361,500973.1361,3412.4000000000233,35638.1361,1811.4824754865767,2,FUSE0,8,FUSE1,8,FUSE2,7,4,4,17,3
103,84764,71696.7582,82345.5576,10648.799400000004,-2418.4424,-0.0006717895555555556,1,FUSE0,8,FUSE1,8,FUSE2,8,1,1,3,3
104,350034,390908.2999,394175.0208,3266.720900000015,44141.0208,846.0897127083123,1,FUSE0,7,FUSE1,7,FUSE2,8,3,3,13,4
105,339742,377378.701,382590.201,5211.5,42848.201,813.2374659824204,1,FUSE0,9,FUSE1,10,FUSE2,10,3,3,13,4
106,86530,79415.2576,85255.5576,5840.300000000003,-1274.4424,-0.0003540117777777778,1,FUSE0,8,FUSE1,8,FUSE2,9,1,1,3,3
107,369502,405697.1999,409103.5999,3406.399999999965,39601.59989999997,733.2915326217424,1,FUSE0,8,FUSE1,8,FUSE2,8,3,3,14,5
108,25704,18810.9,22744.8326,3933.9326,-2959.1673999999985,-0.00427119023741791,3,FUSE0,8,FUSE1,8,FUSE2,9,1,1,1,1
109,519233,546644.7361,550130.7361,3486.0,30897.73609999998,535.9287141825681,1,FUSE0,9,FUSE1,9,FUSE2,8,4,4,19,5
110,419650,450505.5292,454086.6292,3581.100000000035,34436.629200000025,613.3076567023887,1,FUSE0,9,FUSE1,9,FUSE2,9,4,4,16,1
111,353165,392184.2999,395715.7999,3531.5,42550.79989999998,2279.0425116382085,2,FUSE0,9,FUSE1,9,FUSE2,10,3,3,13,4
112,71682,58764.5582,62102.0582,3337.5,-9579.9418,-0.013827454942627371,3,FUSE0,9,FUSE1,9,FUSE2,8,1,1,2,3
113,73082,60370.1582,63772.5582,3402.4000000000015,-9309.4418,-0.0025859560555555557,1,FUSE0,9,FUSE1,9,FUSE2,9,1,1,3,3
114,546503,580216.367,584031.567,3815.20000000007,37528.56700000004,684.0979803314046,1,FUSE0,10,FUSE1,10,FUSE2,11,4,5,20,1
115,291961,307220.3214,316813.1721,9592.85070000001,24852.172100000025,2142.0028804679837,3,FUSE0,10,FUSE1,9,FUSE2,10,2,3,10,2
116,315572,340966.201,344438.6721,3472.4711000000243,28866.672100000025,1394.9994040701324,2,FUSE0,8,FUSE1,8,FUSE2,9,3,3,11,2
117,246475,259916.1835,263568.7835,3652.600000000006,17093.78350000002,267.9655155696412,1,FUSE0,8,FUSE1,8,FUSE2,8,2,2,9,5
118,419244,449052.3292,452573.4292,3521.100000000035,33329.42920000001,588.6883503360509,1,FUSE0,8,FUSE1,8,FUSE2,9,3,4,15,1
119,67551,52626.6582,56007.8582,3381.2000000000044,-11543.141799999998,-0.025651426222222218,4,FUSE0,9,FUSE1,9,FUSE2,8,1,1,2,2
120,544261,576965.567,580568.667,3603.0999999999767,36307.667000000016,1854.8304165037732,2,FUSE0,8,FUSE1,8,FUSE2,8,4,5,20,1
121,488577,518736.6361,521741.3361,3004.7000000000116,33164.336100000015,1654.7705119177729,2,FUSE0,7,FUSE1,7,FUSE2,7,4,4,18,4
122,106468,101999.2334,105812.4338,3813.2004000000015,-655.5662000000011,-0.00018210172222222253,1,FUSE0,10,FUSE1,10,FUSE2,9,1,1,4,4
123,73522,61901.3582,65207.3582,3306.0,-8314.641799999998,-0.0023096227222222216,1,FUSE0,8,FUSE1,8,FUSE2,8,1,1,3,3
124,268259,283201.2359,287039.6359,3838.399999999965,18780.635899999994,298.0227762004779,1,FUSE0,8,FUSE1,8,FUSE2,9,2,2,10,5
125,314231,337623.201,341282.901,3659.7000000000116,27051.901000000013,1289.8776574740973,2,FUSE0,8,FUSE1,8,FUSE2,9,3,3,11,2
126,97180,95722.3036,99293.1036,3570.800000000003,2113.103600000002,84.24067812253111,2,FUSE0,8,FUSE1,8,FUSE2,10,1,1,4,4
127,392288,426290.4999,429353.9999,3063.5,37065.999899999995,673.3131014017495,1,FUSE0,7,FUSE1,7,FUSE2,8,3,3,15,5
128,409453,436871.7292,440857.8292,3986.0999999999767,31404.82919999998,1546.53977572009,2,FUSE0,8,FUSE1,8,FUSE2,8,3,4,15,1
129,563695,599714.167,602699.667,2985.5,39004.667000000016,718.9806780507683,1,FUSE0,6,FUSE1,6,FUSE2,6,4,5,20,1
130,339354,374375.101,377579.401,3204.2999999999884,38225.40100000001,700.4762301640952,1,FUSE0,7,FUSE1,8,FUSE2,8,3,3,13,4
131,124648,123033.0896,126576.6896,3543.5999999999913,1928.6895999999979,76.78999171302154,2,FUSE0,9,FUSE1,9,FUSE2,8,1,1,4,5
132,76231,65024.2582,68721.8582,3697.600000000006,-7509.141799999998,-0.005899738986301508,2,FUSE0,8,FUSE1,8,FUSE2,9,1,1,3,3
133,434740,458116.4292,467902.2361,9785.806899999967,33162.23609999998,4680.027961596013,4,FUSE0,9,FUSE1,9,FUSE2,8,4,4,16,2
134,296195,315004.0721,321410.7721,6406.700000000012,25215.772100000002,419.3784392445472,1,FUSE0,8,FUSE1,8,FUSE2,7,3,3,11,2
135,242503,252752.6517,257572.2835,4819.631800000003,15069.28349999999,232.80936825895938,1,FUSE0,8,FUSE1,8,FUSE2,7,2,2,9,4
136,462026,489633.0361,493476.9361,3843.899999999965,31450.93609999999,2846.3235287710004,3,FUSE0,8,FUSE1,8,FUSE2,8,4,4,17,3
137,87087,81952.4576,86714.3576,4761.900000000009,-372.642399999997,-0.0005378629748786661,3,FUSE0,8,FUSE1,7,FUSE2,8,1,1,3,4
138,76289,66532.2582,70191.4582,3659.199999999997,-6097.541800000006,-0.001693761611111113,1,FUSE0,9,FUSE1,9,FUSE2,10,1,1,3,3
139,61952,48016.8216,51551.3582,3534.5365999999995,-10400.641799999998,-0.015012033357437182,3,FUSE0,10,FUSE1,9,FUSE2,10,1,1,2,2
140,490144,519918.2361,524313.4361,4395.20000000007,34169.43610000005,607.3317425531382,1,FUSE0,8,FUSE1,8,FUSE2,7,4,4,18,4
141,451098,483802.6437,486903.3437,3100.7000000000116,35805.34370000003,1822.2703881237144,2,FUSE0,8,FUSE1,8,FUSE2,8,4,4,17,2
142,114146,109662.9896,113075.2896,3412.300000000003,-1070.7103999999963,-0.00029741955555555457,1,FUSE0,9,FUSE1,9,FUSE2,10,1,1,4,4
143,176797,196644.0287,200153.8339,3509.8052000000025,23356.833899999998,383.201127925906,1,FUSE0,9,FUSE1,9,FUSE2,10,2,2,7,2
144,7766,0.0,3062.2,3062.2,-4703.8,-0.0013066111111111113,1,FUSE0,8,FUSE1,8,FUSE2,9,1,1,1,1
145,243531,258036.3835,262060.7835,4024.399999999994,18529.78349999999,293.50825452597616,1,FUSE0,10,FUSE1,10,FUSE2,9,2,2,9,5
146,417329,444858.6292,448668.2292,3809.5999999999767,31339.2292,545.3757307728811,1,FUSE0,9,FUSE1,9,FUSE2,10,3,4,15,1
147,218824,243483.9517,246957.0517,3473.100000000006,28133.05170000001,478.06947744782866,1,FUSE0,8,FUSE1,8,FUSE2,9,2,2,8,4
148,40817,28619.4326,31836.1326,3216.7000000000007,-8980.8674,-0.002494685388888889,1,FUSE0,8,FUSE1,8,FUSE2,8,1,1,1,2
149,463047,491155.4361,494957.2361,3801.7999999999884,31910.23609999998,4461.442352544166,4,FUSE0,8,FUSE1,8,FUSE2,9,4,4,17,3
150,372630,408785.2999,411900.3999,3115.100000000035,39270.39990000002,725.3367017097947,1,FUSE0,8,FUSE1,8,FUSE2,7,3,3,14,5
151,330979,363534.201,366715.301,3181.0999999999767,35736.30099999998,5141.551170161307,4,FUSE0,8,FUSE1,8,FUSE2,9,3,3,12,3
152,339468,375828.801,379161.501,3332.7000000000116,39693.50099999999,735.505325702825,1,FUSE0,9,FUSE1,9,FUSE2,9,3,3,13,4
153,332082,366709.401,371142.201,4432.799999999988,39060.201,720.3070488504684,1,FUSE0,8,FUSE1,8,FUSE2,7,3,3,12,3
154,67691,54143.1582,57638.2582,3495.0999999999985,-10052.741800000003,-0.00789817988477496,2,FUSE0,9,FUSE1,9,FUSE2,10,1,1,2,3
155,218663,242304.7517,245435.0517,3130.3000000000175,26772.05170000001,450.392270738025,1,FUSE0,7,FUSE1,7,FUSE2,6,2,2,8,4
156,305075,327485.0721,332029.6948,4544.622700000007,26954.694799999997,454.0761654225163,1,FUSE0,8,FUSE1,9,FUSE2,9,3,3,11,2
157,555973,592636.967,595756.867,3119.9000000000233,39783.86699999997,737.6848969977173,1,FUSE0,7,FUSE1,7,FUSE2,7,4,5,20,1
158,508425,538752.9361,542483.7361,3730.79999999993,34058.73609999998,604.8623688164682,1,FUSE0,10,FUSE1,10,FUSE2,10,4,4,18,4
159,193953,215993.0517,219846.1517,3853.0999999999767,25893.151699999988,432.795035614618,1,FUSE0,8,FUSE1,7,FUSE2,8,2,2,7,3
160,323964,354386.901,357828.001,3441.0999999999767,33864.00099999999,600.5276357430931,1,FUSE0,8,FUSE1,8,FUSE2,8,3,3,12,3
161,54808,38991.1326,42213.9326,3222.800000000003,-12594.0674,-0.009894833845844924,2,FUSE0,7,FUSE1,7,FUSE2,8,1,1,2,2
162,303556,323787.0721,328561.5721,4774.5,25005.57209999999,3321.9254852423,4,FUSE0,9,FUSE1,9,FUSE2,10,3,3,11,2
163,450232,480014.4437,484003.3437,3988.9000000000233,33771.34370000003,598.4692303860372,1,FUSE0,9,FUSE1,9,FUSE2,9,4,4,16,2
164,418686,447954.2292,450827.0292,2872.7999999999884,32141.02919999999,4501.451093031742,4,FUSE0,6,FUSE1,6,FUSE2,6,3,4,15,1
165,492709,524112.7361,527637.8361,3525.0999999999767,34928.83609999996,4994.994765582474,4,FUSE0,10,FUSE1,9,FUSE2,10,4,4,18,4
166,147558,148541.3896,152650.9896,4109.600000000006,5092.989600000001,73.29780205700077,1,FUSE0,9,FUSE1,9,FUSE2,9,1,2,5,1
167,545600,578525.567,582273.867,3748.29999999993,36673.86699999997,664.2245245053962,1,FUSE0,9,FUSE1,9,FUSE2,10,4,5,20,1
168,548181,585227.267,588634.767,3407.5,40453.76699999999,2132.430558711882,2,FUSE0,9,FUSE1,9,FUSE2,8,4,5,20,1
169,319417,345412.001,348721.901,3309.9000000000233,29304.901000000013,4018.583243569882,4,FUSE0,9,FUSE1,9,FUSE2,8,3,3,12,3
170,426862,452138.1292,455452.7292,3314.5999999999767,28590.7292,1378.8439298158876,2,FUSE0,9,FUSE1,9,FUSE2,8,4,4,16,1
171,16935,13408.0,16872.7,3464.7000000000007,-62.29999999999927,-1.7305555555555354e-05,1,FUSE0,9,FUSE1,9,FUSE2,8,1,1,1,1
172,242932,254290.9517,258928.7835,4637.831799999985,15996.78349999999,248.79307965913665,1,FUSE0,8,FUSE1,8,FUSE2,7,2,2,9,4
173,502587,535678.9902,539301.6361,3622.645900000003,36714.6361,665.1671376858715,1,FUSE0,9,FUSE1,9,FUSE2,8,4,4,18,4
174,232607,248074.3517,251530.3517,3456.0,18923.3517,300.59822170872195,1,FUSE0,9,FUSE1,9,FUSE2,9,2,2,9,4
175,449210,476536.7361,481799.3437,5262.607600000047,32589.343700000027,2974.495465528013,3,FUSE0,7,FUSE1,7,FUSE2,7,4,4,16,2
176,120211,113027.7896,116258.8896,3231.0999999999913,-3952.110400000005,-0.008782467555555567,4,FUSE0,8,FUSE1,8,FUSE2,8,1,1,4,5
177,289196,304961.9214,314972.7721,10010.85070000001,25776.772100000002,1217.5840248535262,2,FUSE0,9,FUSE1,9,FUSE2,10,2,3,10,1
178,58306,43753.2326,47055.9216,3302.6889999999985,-11250.078399999999,-0.0031250217777777775,1,FUSE0,8,FUSE1,8,FUSE2,8,1,1,2,2
179,212943,235156.2517,238782.5517,3626.3000000000175,25839.55170000001,431.72879623756023,1,FUSE0,9,FUSE1,9,FUSE2,10,2,2,8,4
180,450164,478140.0361,482327.6361,4187.599999999977,32163.636100000003,563.1721217477042,1,FUSE0,7,FUSE1,7,FUSE2,8,4,4,16,2
181,16321,11698.8,15124.7,3425.9000000000015,-1196.2999999999993,-0.001726710317578872,3,FUSE0,9,FUSE1,10,FUSE2,10,1,1,1,1
182,388751,422009.7999,425331.1999,3321.4000000000233,36580.19990000001,662.0608893349438,1,FUSE0,8,FUSE1,8,FUSE2,9,3,3,15,5
183,427828,453653.5292,457076.7292,3423.2000000000116,29248.7292,501.1513044457767,1,FUSE0,9,FUSE1,9,FUSE2,10,4,4,16,1
184,27141,22505.3326,27506.9326,5001.5999999999985,365.9326000000001,5.0953345111790505,1,FUSE0,9,FUSE1,9,FUSE2,9,1,1,1,1
185,329355,361949.401,365263.701,3314.2999999999884,35908.701,3359.998165205384,3,FUSE0,9,FUSE1,8,FUSE2,9,3,3,12,3
186,96567,93967.5036,97665.9036,3698.4000000000087,1098.903600000005,79.91483694616547,3,FUSE0,8,FUSE1,8,FUSE2,9,1,1,3,4
187,276075,286231.6359,290005.3359,3773.7000000000116,13930.335900000005,213.46134010216633,1,FUSE0,9,FUSE1,10,FUSE2,9,2,3,10,1
188,111408,107861.4338,111482.0896,3620.6558000000077,74.08960000000661,1.029551847238963,1,FUSE0,9,FUSE1,10,FUSE2,10,1,1,4,4
189,131628,133319.6896,136768.3896,3448.6999999999825,5140.389599999995,74.00462241286033,1,FUSE0,10,FUSE1,9,FUSE2,10,1,1,5,5
190,127262,127535.9896,130736.3896,3200.399999999994,3474.389599999995,395.50927513154653,4,FUSE0,7,FUSE1,7,FUSE2,8,1,1,5,5
191,137197,139388.9896,142845.2896,3456.2999999999884,5648.289599999989,81.60761488029422,1,FUSE0,9,FUSE1,9,FUSE2,8,1,1,5,5
192,211105,230431.7517,235472.9517,5041.200000000012,24367.951700000005,4503.025830366867,5,FUSE0,9,FUSE1,9,FUSE2,10,2,2,8,4
193,346027,387551.4999,391308.1208,3756.62089999998,45281.120799999975,875.5546997846959,1,FUSE0,10,FUSE1,9,FUSE2,10,3,3,13,4
194,474951,509252.9361,512508.0361,3255.100000000035,37557.03610000003,684.7640113569462,1,FUSE0,8,FUSE1,8,FUSE2,8,4,4,17,3
195,415373,441910.7292,445228.5292,3317.7999999999884,29855.52919999999,513.8561355980828,1,FUSE0,9,FUSE1,9,FUSE2,8,3,4,15,1
196,309115,329172.8721,334340.3721,5167.5,25225.37209999998,1186.7166699103718,2,FUSE0,7,FUSE1,7,FUSE2,6,3,3,11,2
197,374567,410104.8999,413337.5999,3232.6999999999534,38770.59989999997,713.4014625911786,1,FUSE0,8,FUSE1,8,FUSE2,9,3,3,14,5
198,211828,233584.2517,236919.6517,3335.399999999994,25091.651699999988,416.9336884901358,1,FUSE0,8,FUSE1,8,FUSE2,9,2,2,8,4
199,259664,273557.4835,276976.8835,3419.4000000000233,17312.883499999996,2174.63905467681,4,FUSE0,8,FUSE1,8,FUSE2,9,2,2,9,5
200,279037,293175.5359,300744.3214,7568.785499999998,21707.321400000015,351.87237368094037,1,FUSE0,8,FUSE1,8,FUSE2,8,2,3,10,1
201,300958,320630.0721,325416.0721,4786.0,24458.07209999999,404.5197730710459,1,FUSE0,8,FUSE1,8,FUSE2,7,3,3,11,2
202,353595,393838.6208,397114.1999,3275.5791000000318,43519.19990000001,830.2147907209603,1,FUSE0,8,FUSE1,8,FUSE2,9,3,3,13,4
203,223424,246521.1517,250022.3517,3501.2000000000116,26598.3517,446.8974167475448,1,FUSE0,8,FUSE1,9,FUSE2,9,2,2,8,4
204,159746,174502.2337,185241.8287,10739.595000000001,25495.828700000013,3399.280890433264,4,FUSE0,7,FUSE1,7,FUSE2,8,2,2,6,2
205,338890,373099.101,376164.601,3065.5,37274.601000000024,678.1681165382545,1,FUSE0,7,FUSE1,7,FUSE2,7,3,3,13,4
206,126429,126157.5896,129291.1896,3133.5999999999913,2862.189599999998,40.55334414166501,1,FUSE0,8,FUSE1,8,FUSE2,7,1,1,5,5
207,287456,301086.4214,306581.9214,5495.5,19125.921399999992,304.26256559872724,1,FUSE0,9,FUSE1,9,FUSE2,10,2,3,10,1
208,253259,269047.6835,272356.4835,3308.7999999999884,19097.483499999973,303.74752164667206,1,FUSE0,9,FUSE1,9,FUSE2,8,2,2,9,5
209,447236,474627.6361,479613.5437,4985.907599999977,32377.54369999998,567.8231160832113,1,FUSE0,9,FUSE1,9,FUSE2,9,4,4,16,2
210,386735,420324.5999,423764.3999,3439.8000000000466,37029.39990000002,672.4627167329527,1,FUSE0,9,FUSE1,9,FUSE2,10,3,3,14,5
211,314171,336167.601,339692.401,3524.7999999999884,25521.401000000013,1203.258967439623,2,FUSE0,7,FUSE1,7,FUSE2,8,3,3,11,2
212,243010,256312.9517,260320.7835,4007.8317999999854,17310.78349999999,271.7927873373449,1,FUSE0,8,FUSE1,8,FUSE2,8,2,2,9,5
213,85452,73974.8582,84384.7576,10409.899399999995,-1067.2424000000028,-0.0015404317173264596,3,FUSE0,9,FUSE1,9,FUSE2,11,1,1,3,3
214,251441,266234.4835,270951.1835,4716.700000000012,19510.183499999985,311.24198842460805,1,FUSE0,8,FUSE1,8,FUSE2,8,2,2,9,5
215,151605,153488.2896,157141.9042,3653.614600000001,5536.90419999999,79.93564049071789,1,FUSE0,9,FUSE1,9,FUSE2,8,2,2,6,1
216,342213,380466.101,385324.401,4858.299999999988,43111.40100000001,819.8779862753396,1,FUSE0,8,FUSE1,8,FUSE2,8,3,3,13,4
217,415576,443436.9292,447028.9292,3592.0,31452.929200000013,547.8180645328739,1,FUSE0,8,FUSE1,8,FUSE2,8,3,4,15,1
218,417563,446594.6292,449884.6292,3290.0,32321.629200000025,1602.6038714888132,2,FUSE0,8,FUSE1,7,FUSE2,8,3,4,15,1
219,406483,433335.8999,438006.8292,4670.92929999996,31523.82919999998,1553.7766025776127,2,FUSE0,9,FUSE1,8,FUSE2,9,3,4,15,1
220,442968,468996.0361,473807.8361,4811.799999999988,30839.836100000015,534.6940680054331,1,FUSE0,8,FUSE1,8,FUSE2,9,4,4,16,2
221,320884,349995.701,353228.401,3232.7000000000116,32344.401000000013,2946.7462967862093,3,FUSE0,9,FUSE1,9,FUSE2,8,3,3,12,3
222,147249,146948.1896,150398.1896,3450.0,3149.1896000000124,44.709383102022215,1,FUSE0,9,FUSE1,9,FUSE2,9,1,2,5,1
223,376330,411582.0999,414839.5999,3257.5,38509.59989999997,2000.2682624398878,2,FUSE0,8,FUSE1,8,FUSE2,8,3,3,14,5
224,549918,589691.667,592839.267,3147.5999999999767,42921.26699999999,815.0784834158057,1,FUSE0,8,FUSE1,8,FUSE2,8,4,5,20,1
225,359674,401165.5999,404699.0999,3533.5,45025.09989999997,868.897359672465,1,FUSE0,9,FUSE1,9,FUSE2,9,3,3,14,5
226,561475,598431.767,601500.067,3068.3000000000466,40025.06700000004,743.515902884317,1,FUSE0,7,FUSE1,7,FUSE2,8,4,5,20,1
227,355820,399751.9999,403040.6999,3288.7000000000116,47220.69990000001,926.7662011275719,1,FUSE0,8,FUSE1,8,FUSE2,8,3,3,14,4
228,153130,160954.8896,171213.7337,10258.844100000017,18083.73370000001,285.5195658853622,1,FUSE0,8,FUSE1,8,FUSE2,8,2,2,6,1
229,105052,99083.9334,102877.1334,3793.2000000000116,-2174.866599999994,-0.0006041296111111094,1,FUSE0,8,FUSE1,8,FUSE2,7,1,1,4,4
230,262949,279399.3835,284215.9835,4816.599999999977,21266.983499999973,343.6298176059598,1,FUSE0,9,FUSE1,8,FUSE2,9,2,2,10,5
231,464659,494489.9361,499457.4361,4967.5,34798.43609999999,6947.85547657154,5,FUSE0,9,FUSE1,9,FUSE2,9,4,4,17,3
232,413816,440171.4292,443950.0292,3778.5999999999767,30134.02919999999,2700.5607304541027,3,FUSE0,9,FUSE1,9,FUSE2,9,3,4,15,1
233,272904,284778.1359,288533.6359,3755.5,15629.635899999994,242.441352153977,1,FUSE0,8,FUSE1,8,FUSE2,7,2,3,10,1
234,90324,87175.3576,93623.8036,6448.445999999996,3299.8035999999993,132.6449091942941,2,FUSE0,8,FUSE1,8,FUSE2,8,1,1,3,4
235,548061,583694.767,586994.367,3299.5999999999767,38933.36699999997,717.279252265979,1,FUSE0,9,FUSE1,9,FUSE2,8,4,5,20,1
236,370530,407099.6999,410617.9999,3518.2999999999884,40087.999899999995,745.0405206521575,1,FUSE0,9,FUSE1,9,FUSE2,9,3,3,14,5
237,302055,322157.3249,326989.7721,4832.447199999995,24934.772100000002,413.8497163197326,1,FUSE0,8,FUSE1,8,FUSE2,9,3,3,11,2
238,471259,506110.9361,509685.6361,3574.7000000000116,38426.6361,1994.7074818521173,2,FUSE0,9,FUSE1,9,FUSE2,8,4,4,17,3
239,452926,486818.6437,489954.5361,3135.8924000000115,37028.53610000003,672.4426519464428,1,FUSE0,8,FUSE1,8,FUSE2,7,4,4,17,3
240,181198,203008.3339,206328.2287,3319.894800000009,25130.228700000007,417.6930731704738,1,FUSE0,8,FUSE1,8,FUSE2,8,2,2,7,3
241,120688,118751.8896,122189.7896,3437.9000000000087,1501.7896000000037,21.077241271797,1,FUSE0,7,FUSE1,8,FUSE2,8,1,1,4,5
242,435355,460065.6292,469030.3361,8964.70689999999,33675.336100000015,596.3391898066312,1,FUSE0,7,FUSE1,7,FUSE2,6,4,4,16,2
243,394374,429190.4999,435284.9292,6094.429300000018,40910.92920000001,2164.029613092688,2,FUSE0,9,FUSE1,9,FUSE2,9,3,4,15,1
244,331807,364982.601,368563.001,3580.399999999965,36756.00099999999,666.1240718800683,1,FUSE0,9,FUSE1,10,FUSE2,10,3,3,12,3
245,184752,206048.3339,209150.7339,3102.399999999994,24398.733899999992,403.36272665497154,1,FUSE0,8,FUSE1,8,FUSE2,8,2,2,7,3
246,246813,261512.0835,265076.7835,3564.7000000000116,18263.78350000002,2309.9062142041566,4,FUSE0,9,FUSE1,9,FUSE2,9,2,2,9,5
247,22580,14922.4,20132.4326,5210.0326000000005,-2447.5674,-0.0019229905621679193,2,FUSE0,10,FUSE1,10,FUSE2,11,1,1,1,1
248,15237,8918.7,12211.9,3293.199999999999,-3025.1000000000004,-0.0008403055555555556,1,FUSE0,8,FUSE1,8,FUSE2,8,1,1,1,1
249,503210,537309.6361,540735.7361,3426.0999999999767,37525.73609999998,684.0317661751662,1,FUSE0,8,FUSE1,8,FUSE2,7,4,4,18,4
250,523980,549693.9361,552986.7361,3292.79999999993,29006.73609999998,496.1143813066904,1,FUSE0,8,FUSE1,8,FUSE2,9,4,4,19,5
251,120849,120153.4896,123496.2896,3342.800000000003,2647.2896000000037,37.45221176357916,1,FUSE0,7,FUSE1,8,FUSE2,8,1,1,4,5
252,481440,513705.7361,517366.5361,3660.8000000000466,35926.53610000003,647.0398856514574,1,FUSE0,10,FUSE1,10,FUSE2,10,4,4,18,3
253,180788,201428.7339,204936.2287,3507.494800000015,24148.228700000007,398.4885765642896,1,FUSE0,8,FUSE1,9,FUSE2,9,2,2,7,3
254,539413,570126.4243,575103.067,4976.642700000084,35690.06700000004,641.6393972404817,1,FUSE0,7,FUSE1,7,FUSE2,8,4,4,19,5
255,152504,156551.2042,159817.1896,3265.985400000005,7313.189600000012,106.90969910800541,1,FUSE0,8,FUSE1,8,FUSE2,7,2,2,6,1
256,203909,223904.7517,227382.5517,3477.8000000000175,23473.55170000001,385.4452268199111,1,FUSE0,9,FUSE1,9,FUSE2,9,2,2,8,3
257,24405,16788.0,21352.8326,4564.832600000002,-3052.1673999999985,-0.0008478242777777774,1,FUSE0,7,FUSE1,7,FUSE2,7,1,1,1,1
258,522814,548211.9361,551519.5361,3307.5999999999767,28705.536100000027,489.86870911763435,1,FUSE0,8,FUSE1,8,FUSE2,8,4,4,19,5
259,319184,342397.1721,345612.701,3215.5288999999757,26428.701,443.49216404765104,1,FUSE0,8,FUSE1,7,FUSE2,8,3,3,12,3
260,315110,339143.701,342831.4721,3687.7711000000127,27721.472100000014,469.64436923780005,1,FUSE0,9,FUSE1,9,FUSE2,10,3,3,11,2
261,137742,141042.9896,144126.0896,3083.100000000006,6384.089600000007,741.7417332252559,4,FUSE0,8,FUSE1,8,FUSE2,7,1,2,5,1
262,512333,540650.2361,545681.0361,5030.800000000047,33348.03610000003,589.0989667978714,1,FUSE0,9,FUSE1,9,FUSE2,9,4,4,18,4
263,320353,348324.801,351712.401,3387.600000000035,31359.401000000013,1543.7802731487154,2,FUSE0,9,FUSE1,9,FUSE2,10,3,3,12,3
264,299395,318597.1721,323913.7721,5316.599999999977,24518.772100000002,405.7043605349813,1,FUSE0,9,FUSE1,8,FUSE2,9,3,3,11,2
265,167010,187634.6337,193085.0287,5450.3949999999895,26075.028699999995,436.4189505776399,1,FUSE0,7,FUSE1,7,FUSE2,8,2,2,6,2
266,540876,571656.3949,576238.267,4581.872100000037,35362.26699999999,634.1823658576246,1,FUSE0,7,FUSE1,7,FUSE2,7,4,5,19,1
267,164053,184289.3337,188922.9287,4633.595000000001,24869.92869999999,412.5769725421704,1,FUSE0,8,FUSE1,8,FUSE2,8,2,2,6,2
268,393647,427566.4999,433568.9999,6002.5,39921.999899999995,741.0218671796429,1,FUSE0,9,FUSE1,9,FUSE2,10,3,4,15,1
269,332302,369098.701,372362.601,3263.9000000000233,40060.601000000024,744.376588782117,1,FUSE0,7,FUSE1,7,FUSE2,9,3,3,13,3
270,384183,417367.2999,420642.8999,3275.600000000035,36459.89990000002,5274.2894502550025,4,FUSE0,8,FUSE1,8,FUSE2,9,3,3,14,5
271,344447,385732.101,389938.9208,4206.8197999999975,45491.92080000002,9850.482659622277,5,FUSE0,10,FUSE1,10,FUSE2,9,3,3,13,4
272,110958,106676.1896,109752.9338,3076.744200000001,-1205.0662000000011,-0.0009467894242207836,2,FUSE0,7,FUSE1,6,FUSE2,7,1,1,4,4
273,513697,542204.2361,545447.4361,3243.20000000007,31750.43610000005,1567.59051848228,2,FUSE0,8,FUSE1,8,FUSE2,7,4,4,18,4
274,136689,136219.6896,139775.2896,3555.5999999999767,3086.289599999989,43.797111920202525,1,FUSE0,10,FUSE1,10,FUSE2,9,1,1,5,5
275,435482,462153.7292,470368.9361,8215.20689999999,34886.93609999999,6970.151750150817,5,FUSE0,8,FUSE1,8,FUSE2,7,4,4,16,2
276,186266,207440.3339,210773.4287,3333.0947999999917,24507.42869999999,405.48291316238027,1,FUSE0,9,FUSE1,9,FUSE2,9,2,2,7,3
277,327560,359220.101,362422.501,3202.399999999965,34862.50099999999,622.8784649708381,1,FUSE0,8,FUSE1,8,FUSE2,8,3,3,12,3
278,61766,45219.7286,48565.5216,3345.792999999998,-13200.4784,-0.0036667995555555557,1,FUSE0,7,FUSE1,7,FUSE2,8,1,1,2,2
279,529858,560088.9641,565609.1243,5520.160200000042,35751.124300000025,3341.2929473785853,3,FUSE0,9,FUSE1,9,FUSE2,9,4,4,19,5
280,215976,236795.0517,240111.7517,3316.6999999999825,24135.751699999993,398.24625114513634,1,FUSE0,8,FUSE1,8,FUSE2,9,2,2,8,4
281,206334,228917.3517,232276.9517,3359.600000000006,25942.951700000005,433.78639498651216,1,FUSE0,8,FUSE1,9,FUSE2,9,2,2,8,4
282,109745,105378.1338,108587.6896,3209.555800000002,-1157.3104000000021,-0.0009092689241974639,2,FUSE0,7,FUSE1,7,FUSE2,8,1,1,4,4
283,277080,287963.3359,297855.2359,9891.900000000023,20775.23590000003,3739.6484291175148,5,FUSE0,10,FUSE1,10,FUSE2,10,2,3,10,1
284,466262,499010.7361,502594.7361,3584.0,36332.73609999998,1856.4613261309844,2,FUSE0,9,FUSE1,8,FUSE2,9,4,4,17,3
285,155917,162658.5896,172764.9337,10106.344099999988,16847.933699999994,1369.9309206475086,3,FUSE0,9,FUSE1,9,FUSE2,9,2,2,6,1
286,529773,558370.0361,563899.9243,5529.8881999999285,34126.924299999955,3150.858427196671,3,FUSE0,9,FUSE1,9,FUSE2,9,4,4,19,5
287,450319,482178.6437,485691.6361,3512.9923999999883,35372.6361,634.4177300325953,1,FUSE0,9,FUSE1,9,FUSE2,10,4,4,16,2
288,51060,37493.5326,41005.1326,3511.5999999999985,-10054.867400000003,-0.00789984991385728,2,FUSE0,8,FUSE1,8,FUSE2,7,1,1,2,2
289,338684,372021.101,375004.601,2983.5,36320.601000000024,656.0790522119515,1,FUSE0,6,FUSE1,6,FUSE2,7,3,3,13,4
290,140953,145478.1896,148780.8896,3302.6999999999825,7827.889599999995,114.85091660178126,1,FUSE0,8,FUSE1,8,FUSE2,9,1,2,5,1
291,11177,4002.7,7727.4,3724.7,-3449.6000000000004,-0.0027102617248679056,2,FUSE0,8,FUSE1,8,FUSE2,9,1,1,1,1
292,343878,382389.501,386533.0999,4143.598899999983,42655.09989999997,808.3809515309434,1,FUSE0,8,FUSE1,8,FUSE2,7,3,3,13,4
293,354370,395397.4999,398738.1999,3340.7000000000116,44368.19990000001,851.9238147080041,1,FUSE0,8,FUSE1,8,FUSE2,8,3,3,13,4
294,80409,68217.1582,78819.1576,10601.9994,-1589.842399999994,-0.00044162288888888727,1,FUSE0,9,FUSE1,9,FUSE2,9,1,1,3,3
295,367797,404233.9999,407638.6999,3404.7000000000116,39841.69990000001,739.081226558387,1,FUSE0,8,FUSE1,8,FUSE2,9,3,3,14,5
296,70193,57203.9582,60710.0582,3506.0999999999985,-9482.9418,-0.0294506979048253,5,FUSE0,9,FUSE1,9,FUSE2,8,1,1,2,3
297,82457,70069.5582,80539.1576,10469.599400000006,-1917.842399999994,-0.0027681670647581864,3,FUSE0,8,FUSE1,8,FUSE2,9,1,1,3,3
298,428411,455368.0292,458518.3292,3150.2999999999884,30107.32919999998,1468.4053644731625,2,FUSE0,8,FUSE1,8,FUSE2,7,4,4,16,1
299,67777,55844.3582,59141.6582,3297.2999999999956,-8635.341800000002,-0.002398706055555556,1,FUSE0,8,FUSE1,8,FUSE2,7,1,1,2,3
300,361952,402719.1999,406129.8999,3410.7000000000116,44177.89990000002,4401.325773380808,3,FUSE0,8,FUSE1,8,FUSE2,7,3,3,14,5
301,204044,225497.1517,229196.8517,3699.7000000000116,25152.8517,418.13859413770757,1,FUSE0,10,FUSE1,10,FUSE2,9,2,2,8,3
302,467302,500582.7361,503641.1361,3058.4000000000233,36339.1361,656.5054347424028,1,FUSE0,7,FUSE1,7,FUSE2,8,4,4,17,3
303,573550,602576.167,605749.667,3173.5,32199.667000000016,1595.1044154557744,2,FUSE0,8,FUSE1,8,FUSE2,8,5,5,21,2
304,354560,396795.8999,400246.1999,3450.2999999999884,45686.19990000001,886.1364946748836,1,FUSE0,9,FUSE1,9,FUSE2,10,3,3,14,4
305,150699,151979.9463,155393.9042,3413.9578999999794,4694.90419999999,190.57928427456142,2,FUSE0,8,FUSE1,8,FUSE2,8,2,2,6,1
306,376889,412980.4999,416199.1999,3218.7000000000116,39310.19990000001,726.2906931460249,1,FUSE0,7,FUSE1,7,FUSE2,8,3,3,14,5
307,469543,501898.4361,506725.2361,4826.799999999988,37182.23609999998,676.0166658471489,1,FUSE0,9,FUSE1,9,FUSE2,8,4,4,17,3
308,325408,355792.101,359336.001,3543.899999999965,33928.00099999999,3127.828936397872,3,FUSE0,9,FUSE1,9,FUSE2,9,3,3,12,3
309,344323,384082.801,387908.5999,3825.7988999999943,43585.59989999997,831.9034340049012,1,FUSE0,9,FUSE1,9,FUSE2,8,3,3,13,4
310,50661,34535.5326,39539.8326,5004.300000000003,-11121.167399999998,-0.003089213166666666,1,FUSE0,8,FUSE1,8,FUSE2,9,1,1,2,2
311,198962,219258.7517,223061.4517,3802.7000000000116,24099.451700000005,397.54147966958885,1,FUSE0,9,FUSE1,9,FUSE2,8,2,2,8,3
312,140637,143846.5896,147266.4896,3419.899999999994,6629.489600000001,96.44841699436823,1,FUSE0,9,FUSE1,9,FUSE2,9,1,2,5,1
313,380827,414262.8999,417683.9999,3421.0999999999767,36856.999899999995,668.4628882668942,1,FUSE0,9,FUSE1,9,FUSE2,8,3,3,14,5
314,499794,534293.6361,537909.6361,3616.0,38115.6361,7802.600535682328,5,FUSE0,6,FUSE1,6,FUSE2,8,4,4,18,4
315,236389,249705.6517,253536.7517,3831.100000000006,17147.751699999993,268.91628597263974,1,FUSE0,9,FUSE1,9,FUSE2,10,2,2,9,4
316,470460,504716.4361,508293.6361,3577.2000000000116,37833.6361,1955.1467462637302,2,FUSE0,8,FUSE1,8,FUSE2,7,4,4,17,3
317,200674,222369.9517,225813.8517,3443.899999999994,25139.8517,417.8825644504751,1,FUSE0,8,FUSE1,8,FUSE2,9,2,2,8,3
318,122041,121614.6896,124966.2896,3351.600000000006,2925.2896000000037,41.46567324992034,1,FUSE0,8,FUSE1,8,FUSE2,8,1,1,4,5
319,355019,398447.8999,401483.8999,3036.0,46464.89990000002,906.6462944632532,1,FUSE0,7,FUSE1,7,FUSE2,8,3,3,14,4
320,549115,586752.867,590124.367,3371.5,41009.36699999997,767.5148874996962,1,FUSE0,8,FUSE1,8,FUSE2,7,4,5,20,1
321,128944,130419.6896,133636.3896,3216.699999999997,4692.389599999995,349.922801453452,3,FUSE0,8,FUSE1,8,FUSE2,8,1,1,5,5
322,531821,564862.4243,569610.067,4747.642700000084,37789.06700000004,690.2021763866426,1,FUSE0,9,FUSE1,9,FUSE2,9,4,4,19,5
323,55856,40440.0326,43721.9326,3281.9000000000015,-12134.0674,-0.0033705742777777777,1,FUSE0,8,FUSE1,8,FUSE2,8,1,1,2,2
324,45699,31403.4326,34975.0326,3571.5999999999985,-10723.967400000001,-0.02383103866666667,4,FUSE0,10,FUSE1,9,FUSE2,10,1,1,2,2
325,484315,515481.0361,518958.9361,3477.899999999965,34643.93609999999,3211.0116836667908,3,FUSE0,8,FUSE1,8,FUSE2,9,4,4,18,4
326,152962,159382.8896,164886.5896,5503.700000000012,11924.589600000007,509.4668807504315,2,FUSE0,9,FUSE1,9,FUSE2,9,2,2,6,1
327,191881,214399.8517,218449.4517,4049.600000000006,26568.451700000005,446.29667714918185,1,FUSE0,8,FUSE1,8,FUSE2,7,2,2,7,3
328,410462,438389.4292,442356.8292,3967.399999999965,31894.82919999998,557.3470099431108,1,FUSE0,9,FUSE1,9,FUSE2,10,3,4,15,1
329,496395,528468.3361,533739.5361,5271.20000000007,37344.53610000003,679.7989480937972,1,FUSE0,8,FUSE1,8,FUSE2,8,4,4,18,4
330,183477,204503.5287,207836.2287,3332.7000000000116,24359.228700000007,1138.7047807563142,2,FUSE0,9,FUSE1,9,FUSE2,9,2,2,7,3
331,189477,212539.6287,217049.3517,4509.722999999998,27572.3517,466.6037141532238,1,FUSE0,8,FUSE1,8,FUSE2,9,2,2,7,3
332,549371,588124.067,591440.867,3316.79999999993,42069.86699999997,793.741583399519,1,FUSE0,8,FUSE1,8,FUSE2,9,4,5,20,1
333,277410,289920.6359,299116.2214,9195.585499999986,21706.22139999998,351.8517202330005,1,FUSE0,9,FUSE1,9,FUSE2,8,2,3,10,1
334,303717,325679.3721,330280.3721,4601.0,26563.37209999998,1262.0290354707759,2,FUSE0,9,FUSE1,9,FUSE2,10,3,3,11,2
335,389846,423523.2999,426685.9999,3162.7000000000116,36839.999899999995,1889.584458581807,2,FUSE0,8,FUSE1,8,FUSE2,7,3,3,15,5
336,491684,522495.1361,526005.8361,3510.6999999999534,34321.83609999996,610.7375312630181,1,FUSE0,9,FUSE1,9,FUSE2,8,4,4,18,4
337,438715,466283.8361,472429.4361,6145.599999999977,33714.43609999999,597.2063261024871,1,FUSE0,9,FUSE1,10,FUSE2,10,4,4,16,2
338,340308,379076.801,383627.101,4550.300000000047,43319.101000000024,825.1354081991531,1,FUSE0,7,FUSE1,7,FUSE2,7,3,3,13,4
339,138861,142409.3896,145680.4896,3271.100000000006,6819.489600000001,99.34564358745423,1,FUSE0,8,FUSE1,8,FUSE2,9,1,2,5,1
340,280453,295237.5359,301519.1214,6281.5854999999865,21066.121400000004,961.3446149380067,2,FUSE0,6,FUSE1,6,FUSE2,6,2,3,10,1
341,164426,186080.0287,190621.9287,4541.899999999994,26195.92869999999,438.83296359670277,1,FUSE0,7,FUSE1,7,FUSE2,8,2,2,6,2
342,296155,312930.0721,319634.7721,6704.700000000012,23479.772100000002,385.56492676122065,1,FUSE0,8,FUSE1,8,FUSE2,8,3,3,11,2
343,94177,88734.1576,94621.8036,5887.645999999993,444.8035999999993,6.1969499132761285,1,FUSE0,6,FUSE1,6,FUSE2,7,1,1,3,4
344,133909,134995.2896,138023.6896,3028.4000000000233,4114.689600000012,58.81299716302601,1,FUSE0,7,FUSE1,7,FUSE2,7,1,1,5,5
345,175016,195121.2287,198431.4287,3310.1999999999825,23415.42869999999,384.3272582268151,1,FUSE0,8,FUSE1,7,FUSE2,8,2,2,7,2
346,217783,241187.0517,244151.8517,2964.7999999999884,26368.8517,442.2927737800484,1,FUSE0,6,FUSE1,6,FUSE2,7,2,2,8,4
347,58222,41875.6326,45737.7582,3862.1255999999994,-12484.241800000003,-0.027742759555555562,4,FUSE0,11,FUSE1,11,FUSE2,10,1,1,2,2
348,281447,296657.9359,303582.6214,6924.685500000021,22135.621400000004,2879.5048228998185,4,FUSE0,9,FUSE1,9,FUSE2,9,2,3,10,1
349,156428,165027.5991,174625.7337,9598.13460000002,18197.73370000001,287.55658407852593,1,FUSE0,10,FUSE1,9,FUSE2,10,2,2,6,2
350,552172,591083.667,594495.667,3412.0,42323.667000000016,2262.9557545029943,2,FUSE0,9,FUSE1,8,FUSE2,9,4,5,20,1
