unit_seq,order_id,unit_id,variant,route_id
1,317,U7925,FUSE0,p:1.1.1.1.3.2
2,317,U7926,FUSE0,p:2.2.2.1.2.2
3,317,U7927,FUSE0,p:1.3.3.1.1.2
4,317,U7928,FUSE0,p:2.1.4.2.2.1
5,317,U7929,FUSE0,p:1.2.1.1.3.2
6,317,U7930,FUSE0,p:2.3.2.2.3.1
7,317,U7931,FUSE0,p:1.1.5.1.2.2
8,317,U7932,FUSE0,p:2.2.3.2.1.1
9,317,U7933,FUSE1,p:1.3.1.1.3.2
10,317,U7934,FUSE1,p:2.1.4.2.2.1
11,317,U7935,FUSE1,p:1.2.2.1.1.2
12,317,U7936,FUSE1,p:2.3.3.1.3.1
13,317,U7937,FUSE1,p:1.1.5.2.2.2
14,317,U7938,FUSE1,p:2.2.1.1.1.1
15,317,U7939,FUSE1,p:1.3.2.2.3.2
16,317,U7940,FUSE1,p:2.1.4.1.2.1
17,317,U7941,FUSE2,p:1.2.3.1.3.2
18,317,U7942,FUSE2,p:2.3.5.1.2.1
19,317,U7943,FUSE2,p:1.1.1.2.1.2
20,317,U7944,FUSE2,p:2.2.2.2.3.2
21,317,U7945,FUSE2,p:1.3.4.1.1.1
22,317,U7946,FUSE2,p:2.1.3.2.2.2
23,317,U7947,FUSE2,p:1.2.5.2.1.2
24,317,U7948,FUSE2,p:2.3.1.1.3.1
25,246,U6152,FUSE0,p:1.1.2.1.2.1
26,246,U6153,FUSE0,p:2.2.4.2.3.2
27,246,U6154,FUSE0,p:1.3.3.1.1.1
28,246,U6155,FUSE0,p:2.1.2.2.1.2
29,246,U6156,FUSE0,p:1.2.5.1.3.1
30,246,U6157,FUSE0,p:2.3.1.2.2.2
31,246,U6158,FUSE0,p:1.1.4.1.2.1
32,246,U6159,FUSE0,p:2.2.3.2.3.2
33,246,U6160,FUSE1,p:1.3.2.1.3.1
34,246,U6161,FUSE1,p:2.1.5.2.2.2
35,246,U6162,FUSE1,p:1.2.1.1.1.1
36,246,U6163,FUSE1,p:2.3.4.2.1.2
37,246,U6164,FUSE1,p:1.1.3.1.2.1
38,246,U6165,FUSE1,p:2.2.2.2.2.2
39,246,U6166,FUSE1,p:1.3.1.2.3.2
40,246,U6167,FUSE1,p:2.1.5.1.1.1
41,246,U6168,FUSE2,p:1.2.4.1.3.1
42,246,U6169,FUSE2,p:2.3.3.2.1.2
43,246,U6170,FUSE2,p:1.1.2.1.1.1
44,246,U6171,FUSE2,p:2.2.5.2.3.2
45,246,U6172,FUSE2,p:1.3.1.1.2.1
46,246,U6173,FUSE2,p:2.1.4.2.2.2
47,246,U6174,FUSE2,p:1.2.3.1.3.1
48,246,U6175,FUSE2,p:2.3.2.2.3.2
49,326,U8152,FUSE0,p:1.1.5.2.1.2
50,326,U8153,FUSE0,p:2.2.1.1.2.1
51,326,U8154,FUSE0,p:1.3.4.1.1.1
52,326,U8155,FUSE0,p:2.1.3.2.2.2
53,326,U8156,FUSE0,p:1.2.5.1.3.1
54,326,U8157,FUSE0,p:2.3.1.2.1.2
55,326,U8158,FUSE0,p:1.1.2.1.2.1
56,326,U8159,FUSE0,p:2.2.4.2.3.2
57,326,U8160,FUSE1,p:1.3.3.1.1.1
58,326,U8161,FUSE1,p:2.1.5.2.2.2
59,326,U8162,FUSE1,p:1.2.1.1.3.1
60,326,U8163,FUSE1,p:2.3.2.2.1.2
61,326,U8164,FUSE1,p:1.1.4.1.2.1
62,326,U8165,FUSE1,p:2.2.3.2.3.2
63,326,U8166,FUSE1,p:1.3.5.1.1.1
64,326,U8167,FUSE1,p:2.1.1.2.2.2
65,326,U8168,FUSE2,p:1.2.2.1.3.1
66,326,U8169,FUSE2,p:2.3.4.2.1.2
67,326,U8170,FUSE2,p:1.1.3.1.2.1
68,326,U8171,FUSE2,p:2.2.5.2.3.2
69,326,U8172,FUSE2,p:1.3.1.1.1.1
70,326,U8173,FUSE2,p:2.1.2.2.2.2
71,326,U8174,FUSE2,p:1.2.4.1.3.1
72,326,U8175,FUSE2,p:2.3.3.1.2.1
73,326,U8176,FUSE2,p:1.1.5.2.3.2
74,188,U4679,FUSE0,p:2.2.1.2.1.2
75,188,U4680,FUSE0,p:1.3.2.1.1.1
76,188,U4681,FUSE0,p:2.1.4.2.2.2
77,188,U4682,FUSE0,p:1.2.1.1.3.1
78,188,U4683,FUSE0,p:2.3.3.2.1.2
79,188,U4684,FUSE0,p:1.1.5.1.2.1
80,188,U4685,FUSE0,p:2.2.2.2.3.2
81,188,U4686,FUSE0,p:1.3.4.1.1.1
82,188,U4687,FUSE0,p:2.1.1.2.2.2
83,188,U4688,FUSE1,p:1.2.3.1.3.1
84,188,U4689,FUSE1,p:2.3.5.2.1.2
85,188,U4690,FUSE1,p:1.1.2.1.2.1
86,188,U4691,FUSE1,p:2.2.4.2.3.2
87,188,U4692,FUSE1,p:1.3.1.1.1.1
88,188,U4693,FUSE1,p:2.1.3.2.2.2
89,188,U4694,FUSE1,p:1.2.5.1.3.1
90,188,U4695,FUSE1,p:2.3.2.2.1.2
91,188,U4696,FUSE1,p:1.1.4.1.2.1
92,188,U4697,FUSE1,p:2.2.1.2.3.2
93,188,U4698,FUSE2,p:1.3.3.1.1.1
94,188,U4699,FUSE2,p:2.1.5.2.2.2
95,188,U4700,FUSE2,p:1.2.2.1.3.1
96,188,U4701,FUSE2,p:2.3.4.2.1.2
97,188,U4702,FUSE2,p:1.1.1.1.2.1
98,188,U4703,FUSE2,p:2.2.3.2.3.2
99,188,U4704,FUSE2,p:1.3.5.1.2.1
100,188,U4705,FUSE2,p:2.1.2.2.1.2
101,188,U4706,FUSE2,p:1.2.4.1.3.1
102,188,U4707,FUSE2,p:2.3.1.2.2.2
103,300,U7497,FUSE0,p:1.1.3.1.1.1
104,300,U7498,FUSE0,p:2.2.5.2.3.2
105,300,U7499,FUSE0,p:1.3.2.1.2.1
106,300,U7500,FUSE0,p:2.1.4.2.1.2
107,300,U7501,FUSE0,p:1.2.1.1.3.1
108,300,U7502,FUSE0,p:2.3.3.2.2.2
109,300,U7503,FUSE0,p:1.1.5.1.1.1
110,300,U7504,FUSE0,p:2.2.2.2.3.2
111,300,U7505,FUSE1,p:1.3.4.1.2.1
112,300,U7506,FUSE1,p:2.1.1.2.1.2
113,300,U7507,FUSE1,p:1.2.3.1.3.1
114,300,U7508,FUSE1,p:2.3.5.2.2.2
115,300,U7509,FUSE1,p:1.1.2.1.1.1
116,300,U7510,FUSE1,p:2.2.4.2.3.2
117,300,U7511,FUSE1,p:1.3.1.1.2.1
118,300,U7512,FUSE1,p:2.1.3.2.1.2
119,300,U7513,FUSE2,p:1.2.5.1.3.1
120,300,U7514,FUSE2,p:2.3.2.2.2.2
121,300,U7515,FUSE2,p:1.1.4.1.1.1
122,300,U7516,FUSE2,p:2.2.1.2.3.2
123,300,U7517,FUSE2,p:1.3.3.1.2.1
124,300,U7518,FUSE2,p:2.1.5.2.1.2
125,300,U7519,FUSE2,p:1.2.2.1.3.1
126,300,U7520,FUSE2,p:2.3.4.2.3.2
127,300,U7521,FUSE2,p:1.1.1.2.2.2
128,266,U6664,FUSE0,p:2.2.3.1.1.1
129,266,U6665,FUSE0,p:1.3.5.1.2.1
130,266,U6666,FUSE0,p:2.1.2.2.1.2
131,266,U6667,FUSE0,p:1.2.4.1.1.1
132,266,U6668,FUSE0,p:2.3.3.2.2.2
133,266,U6669,FUSE0,p:1.1.1.1.3.1
134,266,U6670,FUSE0,p:2.2.5.2.3.2
135,266,U6671,FUSE0,p:1.3.2.1.2.1
136,266,U6672,FUSE0,p:2.1.4.2.1.2
137,266,U6673,FUSE1,p:1.2.3.1.3.1
138,266,U6674,FUSE1,p:2.3.1.2.2.2
139,266,U6675,FUSE1,p:1.1.5.1.1.1
140,266,U6676,FUSE1,p:2.2.2.2.3.2
141,266,U6677,FUSE1,p:1.3.4.1.2.1
142,266,U6678,FUSE1,p:2.1.3.2.1.2
143,266,U6679,FUSE1,p:1.2.1.1.3.1
144,266,U6680,FUSE1,p:2.3.5.2.2.2
145,266,U6681,FUSE1,p:1.1.2.1.1.1
146,266,U6682,FUSE2,p:2.2.4.2.3.2
147,266,U6683,FUSE2,p:1.3.3.1.2.1
148,266,U6684,FUSE2,p:2.1.1.2.1.2
149,266,U6685,FUSE2,p:1.2.5.1.3.1
150,266,U6686,FUSE2,p:2.3.2.2.2.2
151,266,U6687,FUSE2,p:1.1.4.1.1.1
152,266,U6688,FUSE2,p:2.2.3.2.3.2
153,266,U6689,FUSE2,p:1.3.1.2.1.2
154,266,U6690,FUSE2,p:2.1.5.1.3.1
155,16,U379,FUSE0,p:1.2.2.1.2.1
156,16,U380,FUSE0,p:2.3.4.2.2.2
157,16,U381,FUSE0,p:1.1.3.1.1.1
158,16,U382,FUSE0,p:2.2.2.2.3.2
159,16,U383,FUSE0,p:1.3.1.1.2.1
160,16,U384,FUSE0,p:2.1.5.2.1.2
161,16,U385,FUSE0,p:1.2.4.1.3.1
162,16,U386,FUSE0,p:2.3.3.2.2.2
163,16,U387,FUSE1,p:1.1.2.1.1.1
164,16,U388,FUSE1,p:2.2.1.2.3.2
165,16,U389,FUSE1,p:1.3.5.1.2.1
166,16,U390,FUSE1,p:2.1.4.2.1.2
167,16,U391,FUSE1,p:1.2.3.1.3.1
168,16,U392,FUSE1,p:2.3.2.2.2.2
169,16,U393,FUSE1,p:1.1.1.1.1.1
170,16,U394,FUSE1,p:2.2.5.2.3.2
171,16,U395,FUSE2,p:1.3.4.1.2.1
172,16,U396,FUSE2,p:2.1.3.2.1.2
173,16,U397,FUSE2,p:1.2.2.1.3.1
174,16,U398,FUSE2,p:2.3.1.2.2.2
175,16,U399,FUSE2,p:1.1.5.1.1.1
176,16,U400,FUSE2,p:2.2.4.2.3.2
177,16,U401,FUSE2,p:1.3.3.1.2.1
178,16,U402,FUSE2,p:2.1.2.2.2.2
179,146,U3642,FUSE0,p:1.2.1.2.1.2
180,146,U3643,FUSE0,p:2.3.5.1.3.1
181,146,U3644,FUSE0,p:1.1.4.1.1.1
182,146,U3645,FUSE0,p:2.2.3.2.3.2
183,146,U3646,FUSE0,p:1.3.1.1.2.1
184,146,U3647,FUSE0,p:2.1.5.2.1.2
185,146,U3648,FUSE0,p:1.2.2.1.3.1
186,146,U3649,FUSE0,p:2.3.4.2.2.2
187,146,U3650,FUSE0,p:1.1.3.1.1.1
188,146,U3651,FUSE1,p:2.2.1.2.3.2
189,146,U3652,FUSE1,p:1.3.5.1.2.1
190,146,U3653,FUSE1,p:2.1.2.2.1.2
191,146,U3654,FUSE1,p:1.2.4.1.3.1
192,146,U3655,FUSE1,p:2.3.3.2.2.2
193,146,U3656,FUSE1,p:1.1.1.1.1.1
194,146,U3657,FUSE1,p:2.2.5.2.3.2
195,146,U3658,FUSE1,p:1.3.2.1.2.1
196,146,U3659,FUSE1,p:2.1.4.2.1.2
197,146,U3660,FUSE2,p:1.2.3.1.3.1
198,146,U3661,FUSE2,p:2.3.1.2.2.2
199,146,U3662,FUSE2,p:1.1.5.1.1.1
200,146,U3663,FUSE2,p:2.2.2.2.3.2
201,146,U3664,FUSE2,p:1.3.4.1.2.1
202,146,U3665,FUSE2,p:2.1.3.2.1.2
203,146,U3666,FUSE2,p:1.2.1.1.3.1
204,146,U3667,FUSE2,p:2.3.5.2.2.2
205,146,U3668,FUSE2,p:1.1.2.1.1.1
206,146,U3669,FUSE2,p:2.2.4.2.3.2
207,308,U7687,FUSE0,p:1.3.3.1.2.1
208,308,U7688,FUSE0,p:2.1.1.2.1.2
209,308,U7689,FUSE0,p:1.2.5.1.3.1
210,308,U7690,FUSE0,p:2.3.2.2.2.2
211,308,U7691,FUSE0,p:1.1.4.1.1.1
212,308,U7692,FUSE0,p:2.2.3.2.3.2
213,308,U7693,FUSE0,p:1.3.1.1.2.1
214,308,U7694,FUSE0,p:2.1.5.2.1.2
215,308,U7695,FUSE1,p:1.2.2.1.3.1
216,308,U7696,FUSE1,p:2.3.4.2.2.2
217,308,U7697,FUSE1,p:1.1.3.1.1.1
218,308,U7698,FUSE1,p:2.2.1.2.3.2
219,308,U7699,FUSE1,p:1.3.5.1.2.1
220,308,U7700,FUSE1,p:2.1.2.2.1.2
221,308,U7701,FUSE1,p:1.2.4.1.3.1
222,308,U7702,FUSE1,p:2.3.3.2.2.2
223,308,U7703,FUSE2,p:1.1.1.1.1.1
224,308,U7704,FUSE2,p:2.2.5.2.3.2
225,308,U7705,FUSE2,p:1.3.2.1.2.1
226,308,U7706,FUSE2,p:2.1.4.2.1.2
227,308,U7707,FUSE2,p:1.2.3.1.3.1
228,308,U7708,FUSE2,p:2.3.1.2.2.2
229,308,U7709,FUSE2,p:1.1.5.1.1.1
230,308,U7710,FUSE2,p:2.2.2.2.3.2
231,308,U7711,FUSE2,p:1.3.4.2.1.2
232,94,U2328,FUSE0,p:2.1.3.1.2.1
233,94,U2329,FUSE0,p:1.2.1.1.3.1
234,94,U2330,FUSE0,p:2.3.5.2.2.2
235,94,U2331,FUSE0,p:1.1.2.1.1.1
236,94,U2332,FUSE0,p:2.2.3.2.3.2
237,94,U2333,FUSE0,p:1.3.4.1.2.1
238,94,U2334,FUSE0,p:2.1.1.2.1.2
239,94,U2335,FUSE0,p:1.2.5.1.3.1
240,94,U2336,FUSE0,p:2.3.2.2.2.2
241,94,U2337,FUSE1,p:1.1.3.1.1.1
242,94,U2338,FUSE1,p:2.2.4.2.3.2
243,94,U2339,FUSE1,p:1.3.1.1.2.1
244,94,U2340,FUSE1,p:2.1.5.2.1.2
245,94,U2341,FUSE1,p:1.2.2.1.3.1
246,94,U2342,FUSE1,p:2.3.3.2.2.2
247,94,U2343,FUSE1,p:1.1.4.1.1.1
248,94,U2344,FUSE1,p:2.2.1.2.3.2
249,94,U2345,FUSE1,p:1.3.5.1.2.1
250,94,U2346,FUSE2,p:2.1.2.2.1.2
251,94,U2347,FUSE2,p:1.2.3.1.3.1
252,94,U2348,FUSE2,p:2.3.4.2.2.2
253,94,U2349,FUSE2,p:1.1.1.1.1.1
254,94,U2350,FUSE2,p:2.2.5.2.3.2
255,94,U2351,FUSE2,p:1.3.2.1.2.1
256,94,U2352,FUSE2,p:2.1.3.2.1.2
257,94,U2353,FUSE2,p:1.2.4.1.1.1
258,10,U228,FUSE0,p:2.3.1.1.3.1
259,10,U229,FUSE0,p:1.1.5.2.2.2
260,10,U230,FUSE0,p:2.2.2.2.3.2
261,10,U231,FUSE0,p:1.3.3.1.2.1
262,10,U232,FUSE0,p:2.1.1.2.1.2
263,10,U233,FUSE0,p:1.2.5.1.3.1
264,10,U234,FUSE0,p:2.3.4.2.2.2
265,10,U235,FUSE1,p:1.1.2.1.1.1
266,10,U236,FUSE1,p:2.2.3.2.3.2
267,10,U237,FUSE1,p:1.3.1.1.2.1
268,10,U238,FUSE1,p:2.1.5.2.1.2
269,10,U239,FUSE1,p:1.2.4.1.3.1
270,10,U240,FUSE1,p:2.3.2.2.2.2
271,10,U241,FUSE1,p:1.1.3.1.1.1
272,10,U242,FUSE1,p:2.2.1.2.3.2
273,10,U243,FUSE2,p:1.3.5.1.2.1
274,10,U244,FUSE2,p:2.1.4.2.1.2
275,10,U245,FUSE2,p:1.2.2.1.3.1
276,10,U246,FUSE2,p:2.3.3.2.2.2
277,10,U247,FUSE2,p:1.1.1.1.1.1
278,10,U248,FUSE2,p:2.2.5.2.3.2
279,10,U249,FUSE2,p:1.3.4.1.2.1
280,10,U250,FUSE2,p:2.1.2.2.2.2
281,185,U4610,FUSE0,p:1.2.3.2.1.2
282,185,U4611,FUSE0,p:2.3.1.1.3.1
283,185,U4612,FUSE0,p:1.1.5.1.1.1
284,185,U4613,FUSE0,p:2.2.4.2.3.2
285,185,U4614,FUSE0,p:1.3.3.1.2.1
286,185,U4615,FUSE0,p:2.1.1.2.1.2
287,185,U4616,FUSE0,p:1.2.2.1.3.1
288,185,U4617,FUSE1,p:2.3.5.2.2.2
289,185,U4618,FUSE1,p:1.1.4.1.1.1
290,185,U4619,FUSE1,p:2.2.3.2.3.2
291,185,U4620,FUSE1,p:1.3.1.1.2.1
292,185,U4621,FUSE1,p:2.1.2.2.1.2
293,185,U4622,FUSE1,p:1.2.5.1.3.1
294,185,U4623,FUSE1,p:2.3.4.2.2.2
295,185,U4624,FUSE2,p:1.1.3.1.1.1
296,185,U4625,FUSE2,p:2.2.1.2.3.2
297,185,U4626,FUSE2,p:1.3.2.1.2.1
298,185,U4627,FUSE2,p:2.1.5.2.1.2
299,185,U4628,FUSE2,p:1.2.4.1.3.1
300,185,U4629,FUSE2,p:2.3.3.1.1.1
301,185,U4630,FUSE2,p:1.1.1.2.2.2
302,185,U4631,FUSE2,p:2.2.2.2.3.2
303,69,U1705,FUSE0,p:1.3.5.1.2.1
304,69,U1706,FUSE0,p:2.1.4.2.1.2
305,69,U1707,FUSE0,p:1.2.3.1.3.1
306,69,U1708,FUSE0,p:2.3.1.2.2.2
307,69,U1709,FUSE0,p:1.1.2.1.1.1
308,69,U1710,FUSE0,p:2.2.5.2.3.2
309,69,U1711,FUSE0,p:1.3.4.1.2.1
310,69,U1712,FUSE0,p:2.1.3.2.1.2
311,69,U1713,FUSE0,p:1.2.1.1.3.1
312,69,U1714,FUSE1,p:2.3.2.2.2.2
313,69,U1715,FUSE1,p:1.1.5.1.1.1
314,69,U1716,FUSE1,p:2.2.4.2.3.2
315,69,U1717,FUSE1,p:1.3.3.1.2.1
316,69,U1718,FUSE1,p:2.1.1.2.1.2
317,69,U1719,FUSE1,p:1.2.2.1.3.1
318,69,U1720,FUSE1,p:2.3.5.2.2.2
319,69,U1721,FUSE1,p:1.1.4.1.1.1
320,69,U1722,FUSE1,p:2.2.3.2.3.2
321,69,U1723,FUSE2,p:1.3.1.1.2.1
322,69,U1724,FUSE2,p:2.1.2.2.1.2
323,69,U1725,FUSE2,p:1.2.5.1.3.1
324,69,U1726,FUSE2,p:2.3.4.2.2.2
325,69,U1727,FUSE2,p:1.1.3.1.1.1
326,69,U1728,FUSE2,p:2.2.1.2.3.2
327,69,U1729,FUSE2,p:1.3.2.1.2.1
328,69,U1730,FUSE2,p:2.1.5.2.1.2
329,69,U1731,FUSE2,p:1.2.4.1.3.1
330,172,U4285,FUSE0,p:2.3.3.2.2.2
331,172,U4286,FUSE0,p:1.1.1.1.1.1
332,172,U4287,FUSE0,p:2.2.2.2.3.2
333,172,U4288,FUSE0,p:1.3.5.1.2.1
334,172,U4289,FUSE0,p:2.1.4.2.1.2
335,172,U4290,FUSE0,p:1.2.3.1.3.1
336,172,U4291,FUSE0,p:2.3.1.2.2.2
337,172,U4292,FUSE0,p:1.1.2.1.1.1
338,172,U4293,FUSE1,p:2.2.5.2.3.2
339,172,U4294,FUSE1,p:1.3.4.1.2.1
340,172,U4295,FUSE1,p:2.1.3.2.1.2
341,172,U4296,FUSE1,p:1.2.1.1.3.1
342,172,U4297,FUSE1,p:2.3.2.2.2.2
343,172,U4298,FUSE1,p:1.1.5.1.1.1
344,172,U4299,FUSE1,p:2.2.4.2.3.2
345,172,U4300,FUSE1,p:1.3.3.1.2.1
346,172,U4301,FUSE2,p:2.1.1.2.1.2
347,172,U4302,FUSE2,p:1.2.2.1.3.1
348,172,U4303,FUSE2,p:2.3.5.2.2.2
349,172,U4304,FUSE2,p:1.1.4.1.1.1
350,172,U4305,FUSE2,p:2.2.3.2.3.2
351,172,U4306,FUSE2,p:1.3.1.1.2.1
352,172,U4307,FUSE2,p:2.1.2.2.1.2
353,172,U4308,FUSE2,p:1.2.5.1.1.1
354,5,U102,FUSE0,p:2.3.4.1.3.1
355,5,U103,FUSE0,p:1.1.3.2.2.2
356,5,U104,FUSE0,p:2.2.1.2.3.2
357,5,U105,FUSE0,p:1.3.2.1.2.1
358,5,U106,FUSE0,p:2.1.4.2.1.2
359,5,U107,FUSE0,p:1.2.3.1.3.1
360,5,U108,FUSE0,p:2.3.5.2.2.2
361,5,U109,FUSE0,p:1.1.1.1.1.1
362,5,U110,FUSE1,p:2.2.2.2.3.2
363,5,U111,FUSE1,p:1.3.4.1.2.1
364,5,U112,FUSE1,p:2.1.3.2.1.2
365,5,U113,FUSE1,p:1.2.5.1.3.1
366,5,U114,FUSE1,p:2.3.1.2.2.2
367,5,U115,FUSE1,p:1.1.2.1.1.1
368,5,U116,FUSE1,p:2.2.4.2.3.2
369,5,U117,FUSE1,p:1.3.3.1.2.1
370,5,U118,FUSE2,p:2.1.5.2.1.2
371,5,U119,FUSE2,p:1.2.1.1.3.1
372,5,U120,FUSE2,p:2.3.2.2.2.2
373,5,U121,FUSE2,p:1.1.4.1.1.1
374,5,U122,FUSE2,p:2.2.3.2.3.2
375,5,U123,FUSE2,p:1.3.5.1.2.1
376,5,U124,FUSE2,p:2.1.1.2.1.2
377,277,U6925,FUSE0,p:1.2.2.1.3.1
378,277,U6926,FUSE0,p:2.3.4.2.2.2
379,277,U6927,FUSE0,p:1.1.3.1.1.1
380,277,U6928,FUSE0,p:2.2.5.2.3.2
381,277,U6929,FUSE0,p:1.3.1.1.2.1
382,277,U6930,FUSE0,p:2.1.2.2.1.2
383,277,U6931,FUSE0,p:1.2.4.1.3.1
384,277,U6932,FUSE1,p:2.3.3.2.2.2
385,277,U6933,FUSE1,p:1.1.5.1.1.1
386,277,U6934,FUSE1,p:2.2.1.2.3.2
387,277,U6935,FUSE1,p:1.3.2.1.2.1
388,277,U6936,FUSE1,p:2.1.4.2.1.2
389,277,U6937,FUSE1,p:1.2.3.1.3.1
390,277,U6938,FUSE1,p:2.3.5.2.2.2
391,277,U6939,FUSE2,p:1.1.1.1.1.1
392,277,U6940,FUSE2,p:2.2.2.2.3.2
393,277,U6941,FUSE2,p:1.3.4.1.2.1
394,277,U6942,FUSE2,p:2.1.3.2.1.2
395,277,U6943,FUSE2,p:1.2.5.1.3.1
396,277,U6944,FUSE2,p:2.3.1.1.1.1
397,277,U6945,FUSE2,p:1.1.2.2.3.2
398,224,U5596,FUSE0,p:2.2.4.2.2.2
399,224,U5597,FUSE0,p:1.3.3.1.2.1
400,224,U5598,FUSE0,p:2.1.5.2.1.2
401,224,U5599,FUSE0,p:1.2.4.1.3.1
402,224,U5600,FUSE0,p:2.3.1.2.2.2
403,224,U5601,FUSE0,p:1.1.2.1.1.1
404,224,U5602,FUSE0,p:2.2.3.2.3.2
405,224,U5603,FUSE0,p:1.3.5.1.2.1
406,224,U5604,FUSE1,p:2.1.4.2.1.2
407,224,U5605,FUSE1,p:1.2.1.1.3.1
408,224,U5606,FUSE1,p:2.3.2.2.2.2
409,224,U5607,FUSE1,p:1.1.3.1.1.1
410,224,U5608,FUSE1,p:2.2.5.2.3.2
411,224,U5609,FUSE1,p:1.3.4.1.2.1
412,224,U5610,FUSE1,p:2.1.1.2.1.2
413,224,U5611,FUSE1,p:1.2.2.1.3.1
414,224,U5612,FUSE2,p:2.3.3.2.2.2
415,224,U5613,FUSE2,p:1.1.5.1.1.1
416,224,U5614,FUSE2,p:2.2.4.2.3.2
417,224,U5615,FUSE2,p:1.3.1.1.2.1
418,224,U5616,FUSE2,p:2.1.2.2.1.2
419,224,U5617,FUSE2,p:1.2.3.1.3.1
420,224,U5618,FUSE2,p:2.3.5.2.2.2
421,224,U5619,FUSE2,p:1.1.4.1.2.1
422,271,U6792,FUSE0,p:2.2.1.1.1.1
423,271,U6793,FUSE0,p:1.3.2.2.3.2
424,271,U6794,FUSE0,p:2.1.3.2.1.2
425,271,U6795,FUSE0,p:1.2.5.1.3.1
426,271,U6796,FUSE0,p:2.3.1.2.2.2
427,271,U6797,FUSE0,p:1.1.2.1.1.1
428,271,U6798,FUSE0,p:2.2.4.2.3.2
429,271,U6799,FUSE0,p:1.3.3.1.2.1
430,271,U6800,FUSE1,p:2.1.5.2.1.2
431,271,U6801,FUSE1,p:1.2.1.1.3.1
432,271,U6802,FUSE1,p:2.3.2.2.2.2
433,271,U6803,FUSE1,p:1.1.4.1.1.1
434,271,U6804,FUSE1,p:2.2.3.2.3.2
435,271,U6805,FUSE1,p:1.3.5.1.2.1
436,271,U6806,FUSE1,p:2.1.1.2.1.2
437,271,U6807,FUSE1,p:1.2.2.1.3.1
438,271,U6808,FUSE2,p:2.3.4.2.2.2
439,271,U6809,FUSE2,p:1.1.3.1.1.1
440,271,U6810,FUSE2,p:2.2.5.2.3.2
441,271,U6811,FUSE2,p:1.3.1.1.2.1
442,271,U6812,FUSE2,p:2.1.2.2.1.2
443,271,U6813,FUSE2,p:1.2.4.1.3.1
444,271,U6814,FUSE2,p:2.3.3.2.2.2
445,209,U5210,FUSE0,p:1.1.5.1.1.1
446,209,U5211,FUSE0,p:2.2.1.2.3.2
447,209,U5212,FUSE0,p:1.3.2.1.2.1
448,209,U5213,FUSE0,p:2.1.4.2.1.2
449,209,U5214,FUSE0,p:1.2.3.1.3.1
450,209,U5215,FUSE0,p:2.3.5.2.2.2
451,209,U5216,FUSE0,p:1.1.1.1.1.1
452,209,U5217,FUSE0,p:2.2.2.2.3.2
453,209,U5218,FUSE1,p:1.3.4.1.2.1
454,209,U5219,FUSE1,p:2.1.3.2.1.2
455,209,U5220,FUSE1,p:1.2.5.1.3.1
456,209,U5221,FUSE1,p:2.3.1.2.2.2
457,209,U5222,FUSE1,p:1.1.2.1.1.1
458,209,U5223,FUSE1,p:2.2.4.2.3.2
459,209,U5224,FUSE1,p:1.3.3.1.2.1
460,209,U5225,FUSE1,p:2.1.5.2.1.2
461,209,U5226,FUSE2,p:1.2.1.1.3.1
462,209,U5227,FUSE2,p:2.3.2.2.2.2
463,209,U5228,FUSE2,p:1.1.4.1.1.1
464,209,U5229,FUSE2,p:2.2.3.2.3.2
465,209,U5230,FUSE2,p:1.3.5.1.2.1
466,209,U5231,FUSE2,p:2.1.1.2.1.2
467,209,U5232,FUSE2,p:1.2.2.1.3.1
468,209,U5233,FUSE2,p:2.3.4.1.1.1
469,209,U5234,FUSE2,p:1.1.3.2.3.2
470,339,U8473,FUSE0,p:2.2.5.2.2.2
471,339,U8474,FUSE0,p:1.3.1.1.2.1
472,339,U8475,FUSE0,p:2.1.2.2.1.2
473,339,U8476,FUSE0,p:1.2.5.1.3.1
474,339,U8477,FUSE0,p:2.3.4.2.2.2
475,339,U8478,FUSE0,p:1.1.3.1.1.1
476,339,U8479,FUSE0,p:2.2.1.2.3.2
477,339,U8480,FUSE0,p:1.3.2.1.2.1
478,339,U8481,FUSE1,p:2.1.5.2.1.2
479,339,U8482,FUSE1,p:1.2.4.1.3.1
480,339,U8483,FUSE1,p:2.3.3.2.2.2
481,339,U8484,FUSE1,p:1.1.1.1.1.1
482,339,U8485,FUSE1,p:2.2.2.2.3.2
483,339,U8486,FUSE1,p:1.3.5.1.2.1
484,339,U8487,FUSE1,p:2.1.4.2.1.2
485,339,U8488,FUSE1,p:1.2.3.1.3.1
486,339,U8489,FUSE2,p:2.3.1.2.2.2
487,339,U8490,FUSE2,p:1.1.2.1.1.1
488,339,U8491,FUSE2,p:2.2.5.1.3.2
489,339,U8492,FUSE2,p:1.3.4.2.2.1
490,339,U8493,FUSE2,p:2.1.3.1.1.2
491,339,U8494,FUSE2,p:1.2.1.2.3.1
492,339,U8495,FUSE2,p:2.3.2.1.2.2
493,339,U8496,FUSE2,p:1.1.5.1.1.2
494,339,U8497,FUSE2,p:2.2.4.2.2.1
495,49,U1212,FUSE0,p:1.3.3.2.1.1
496,49,U1213,FUSE0,p:2.1.1.1.3.2
497,49,U1214,FUSE0,p:1.2.2.2.3.1
498,49,U1215,FUSE0,p:2.3.3.1.2.2
499,49,U1216,FUSE0,p:1.1.5.2.2.1
500,49,U1217,FUSE0,p:2.2.4.1.3.2
501,49,U1218,FUSE0,p:1.3.1.2.1.1
502,49,U1219,FUSE0,p:2.1.2.1.1.2
503,49,U1220,FUSE1,p:1.2.3.2.3.1
504,49,U1221,FUSE1,p:2.3.5.1.3.2
505,49,U1222,FUSE1,p:1.1.4.2.1.1
506,49,U1223,FUSE1,p:2.2.1.1.2.2
507,49,U1224,FUSE1,p:1.3.2.2.2.1
508,49,U1225,FUSE1,p:2.1.3.1.1.2
509,49,U1226,FUSE1,p:1.2.5.2.3.1
510,49,U1227,FUSE1,p:2.3.4.1.2.2
511,49,U1228,FUSE2,p:1.1.1.2.1.1
512,49,U1229,FUSE2,p:2.2.2.1.3.2
513,49,U1230,FUSE2,p:1.3.3.2.2.1
514,49,U1231,FUSE2,p:2.1.5.1.1.2
515,49,U1232,FUSE2,p:1.2.4.2.3.1
516,49,U1233,FUSE2,p:2.3.1.1.2.2
517,49,U1234,FUSE2,p:1.1.2.2.1.1
518,49,U1235,FUSE2,p:2.2.3.2.2.1
519,49,U1236,FUSE2,p:1.3.5.1.1.2
520,49,U1237,FUSE2,p:2.1.4.1.2.2
521,181,U4515,FUSE0,p:1.2.1.1.3.2
522,181,U4516,FUSE0,p:2.3.2.2.3.1
523,181,U4517,FUSE0,p:1.1.1.2.1.1
524,181,U4518,FUSE0,p:2.2.3.1.3.2
525,181,U4519,FUSE0,p:1.3.5.2.2.1
526,181,U4520,FUSE0,p:2.1.2.1.1.2
527,181,U4521,FUSE0,p:1.2.4.2.3.1
528,181,U4522,FUSE1,p:2.3.1.1.2.2
529,181,U4523,FUSE1,p:1.1.3.2.1.1
530,181,U4524,FUSE1,p:2.2.5.1.3.2
531,181,U4525,FUSE1,p:1.3.2.2.2.1
532,181,U4526,FUSE1,p:2.1.4.1.1.2
533,181,U4527,FUSE1,p:1.2.1.2.3.1
534,181,U4528,FUSE1,p:2.3.3.1.2.2
535,181,U4529,FUSE2,p:1.1.5.2.1.1
536,181,U4530,FUSE2,p:2.2.2.1.3.2
537,181,U4531,FUSE2,p:1.3.4.2.2.1
538,181,U4532,FUSE2,p:2.1.1.1.1.2
539,181,U4533,FUSE2,p:1.2.3.2.3.1
540,181,U4534,FUSE2,p:2.3.5.1.2.2
541,181,U4535,FUSE2,p:1.1.2.2.1.1
542,181,U4536,FUSE2,p:2.2.4.1.3.2
543,86,U2131,FUSE0,p:1.3.1.2.2.1
544,86,U2132,FUSE0,p:2.1.3.1.1.2
545,86,U2133,FUSE0,p:1.2.5.2.3.1
546,86,U2134,FUSE0,p:2.3.2.1.2.2
547,86,U2135,FUSE0,p:1.1.4.2.1.1
548,86,U2136,FUSE0,p:2.2.1.1.3.2
549,86,U2137,FUSE0,p:1.3.3.2.2.1
550,86,U2138,FUSE0,p:2.1.5.1.1.2
551,86,U2139,FUSE1,p:1.2.2.2.3.1
552,86,U2140,FUSE1,p:2.3.4.1.2.2
553,86,U2141,FUSE1,p:1.1.1.2.1.1
554,86,U2142,FUSE1,p:2.2.3.1.3.2
555,86,U2143,FUSE1,p:1.3.5.2.2.1
556,86,U2144,FUSE1,p:2.1.2.1.1.2
557,86,U2145,FUSE1,p:1.2.4.2.3.1
558,86,U2146,FUSE1,p:2.3.1.1.2.2
559,86,U2147,FUSE2,p:1.1.3.2.1.1
560,86,U2148,FUSE2,p:2.2.5.1.3.2
561,86,U2149,FUSE2,p:1.3.2.2.2.1
562,86,U2150,FUSE2,p:2.1.4.1.1.2
563,86,U2151,FUSE2,p:1.2.1.2.3.1
564,86,U2152,FUSE2,p:2.3.3.1.2.2
565,86,U2153,FUSE2,p:1.1.5.2.1.1
566,86,U2154,FUSE2,p:2.2.2.1.3.2
567,86,U2155,FUSE2,p:1.3.4.2.2.1
568,325,U8128,FUSE0,p:2.1.1.1.1.2
569,325,U8129,FUSE0,p:1.2.3.2.3.1
570,325,U8130,FUSE0,p:2.3.5.1.2.2
571,325,U8131,FUSE0,p:1.1.2.2.1.1
572,325,U8132,FUSE0,p:2.2.4.1.3.2
573,325,U8133,FUSE0,p:1.3.1.2.2.1
574,325,U8134,FUSE0,p:2.1.3.1.1.2
575,325,U8135,FUSE0,p:1.2.5.2.3.1
576,325,U8136,FUSE1,p:2.3.2.1.2.2
577,325,U8137,FUSE1,p:1.1.4.2.1.1
578,325,U8138,FUSE1,p:2.2.1.1.3.2
579,325,U8139,FUSE1,p:1.3.3.2.2.1
580,325,U8140,FUSE1,p:2.1.5.1.1.2
581,325,U8141,FUSE1,p:1.2.2.2.3.1
582,325,U8142,FUSE1,p:2.3.4.1.2.2
583,325,U8143,FUSE1,p:1.1.1.2.1.1
584,325,U8144,FUSE2,p:2.2.3.1.3.2
585,325,U8145,FUSE2,p:1.3.5.2.2.1
586,325,U8146,FUSE2,p:2.1.2.1.1.2
587,325,U8147,FUSE2,p:1.2.4.2.3.1
588,325,U8148,FUSE2,p:2.3.1.1.2.2
589,325,U8149,FUSE2,p:1.1.3.2.1.1
590,325,U8150,FUSE2,p:2.2.5.1.3.2
591,325,U8151,FUSE2,p:1.3.2.2.3.1
592,11,U251,FUSE0,p:2.1.4.2.2.1
593,11,U252,FUSE0,p:1.2.1.1.1.2
594,11,U253,FUSE0,p:2.3.3.1.2.2
595,11,U254,FUSE0,p:1.1.5.2.1.1
596,11,U255,FUSE0,p:2.2.4.1.3.2
597,11,U256,FUSE0,p:1.3.1.2.2.1
598,11,U257,FUSE0,p:2.1.2.1.1.2
599,11,U258,FUSE0,p:1.2.3.2.3.1
600,11,U259,FUSE0,p:2.3.5.1.2.2
601,11,U260,FUSE1,p:1.1.4.2.1.1
602,11,U261,FUSE1,p:2.2.1.1.3.2
603,11,U262,FUSE1,p:1.3.2.2.2.1
604,11,U263,FUSE1,p:2.1.3.1.1.2
605,11,U264,FUSE1,p:1.2.5.2.3.1
606,11,U265,FUSE1,p:2.3.4.1.2.2
607,11,U266,FUSE1,p:1.1.1.2.1.1
608,11,U267,FUSE1,p:2.2.2.1.3.2
609,11,U268,FUSE1,p:1.3.3.2.2.1
610,11,U269,FUSE2,p:2.1.5.1.1.2
611,11,U270,FUSE2,p:1.2.4.2.3.1
612,11,U271,FUSE2,p:2.3.1.1.2.2
613,11,U272,FUSE2,p:1.1.2.2.1.1
614,11,U273,FUSE2,p:2.2.3.1.3.2
615,11,U274,FUSE2,p:1.3.5.2.2.1
616,11,U275,FUSE2,p:2.1.4.1.3.2
617,11,U276,FUSE2,p:1.2.1.1.2.2
618,11,U277,FUSE2,p:2.3.2.2.3.1
619,82,U2026,FUSE0,p:1.1.3.2.1.1
620,82,U2027,FUSE0,p:2.2.5.1.1.2
621,82,U2028,FUSE0,p:1.3.4.2.2.1
622,82,U2029,FUSE0,p:2.1.3.1.3.2
623,82,U2030,FUSE0,p:1.2.1.2.1.1
624,82,U2031,FUSE0,p:2.3.2.1.2.2
625,82,U2032,FUSE0,p:1.1.5.2.3.1
626,82,U2033,FUSE0,p:2.2.4.1.1.2
627,82,U2034,FUSE0,p:1.3.3.2.2.1
628,82,U2035,FUSE1,p:2.1.1.1.3.2
629,82,U2036,FUSE1,p:1.2.2.2.1.1
630,82,U2037,FUSE1,p:2.3.5.1.2.2
631,82,U2038,FUSE1,p:1.1.4.2.3.1
632,82,U2039,FUSE1,p:2.2.3.1.1.2
633,82,U2040,FUSE1,p:1.3.1.2.2.1
634,82,U2041,FUSE1,p:2.1.2.1.3.2
635,82,U2042,FUSE1,p:1.2.5.2.1.1
636,82,U2043,FUSE1,p:2.3.4.1.2.2
637,82,U2044,FUSE2,p:1.1.3.2.3.1
638,82,U2045,FUSE2,p:2.2.1.1.1.2
639,82,U2046,FUSE2,p:1.3.2.2.2.1
640,82,U2047,FUSE2,p:2.1.5.1.3.2
641,82,U2048,FUSE2,p:1.2.4.2.1.1
642,82,U2049,FUSE2,p:2.3.3.1.2.2
643,82,U2050,FUSE2,p:1.1.1.2.3.1
644,82,U2051,FUSE2,p:2.2.2.1.1.2
645,82,U2052,FUSE2,p:1.3.5.2.2.1
646,235,U5871,FUSE0,p:2.1.4.1.3.2
647,235,U5872,FUSE0,p:1.2.3.2.1.1
648,235,U5873,FUSE0,p:2.3.1.1.2.2
649,235,U5874,FUSE0,p:1.1.2.2.3.1
650,235,U5875,FUSE0,p:2.2.5.1.1.2
651,235,U5876,FUSE0,p:1.3.4.2.2.1
652,235,U5877,FUSE0,p:2.1.3.1.3.2
653,235,U5878,FUSE0,p:1.2.1.2.1.1
654,235,U5879,FUSE1,p:2.1.2.1.2.2
655,235,U5880,FUSE1,p:1.3.5.2.3.1
656,235,U5881,FUSE1,p:2.2.4.1.1.2
657,235,U5882,FUSE1,p:1.1.3.2.2.1
658,235,U5883,FUSE1,p:2.3.1.1.3.2
659,235,U5884,FUSE1,p:1.2.2.2.1.1
660,235,U5885,FUSE1,p:2.1.5.1.2.2
661,235,U5886,FUSE1,p:1.3.4.2.3.1
662,235,U5887,FUSE2,p:2.2.3.1.1.2
663,235,U5888,FUSE2,p:1.1.1.2.2.1
664,235,U5889,FUSE2,p:2.3.2.1.3.2
665,235,U5890,FUSE2,p:1.2.5.2.1.1
666,235,U5891,FUSE2,p:2.1.4.1.2.2
667,235,U5892,FUSE2,p:1.3.3.2.3.1
668,235,U5893,FUSE2,p:2.2.1.1.1.2
669,235,U5894,FUSE2,p:1.1.2.2.1.1
670,349,U8716,FUSE0,p:2.3.5.2.2.1
671,349,U8717,FUSE0,p:1.2.4.1.3.2
672,349,U8718,FUSE0,p:2.1.3.1.2.2
673,349,U8719,FUSE0,p:1.3.1.2.3.1
674,349,U8720,FUSE0,p:2.2.5.1.1.2
675,349,U8721,FUSE0,p:1.1.4.2.2.1
676,349,U8722,FUSE0,p:2.3.2.1.3.2
677,349,U8723,FUSE0,p:1.2.3.2.1.1
678,349,U8724,FUSE0,p:2.1.1.1.2.2
679,349,U8725,FUSE1,p:1.3.5.2.3.1
680,349,U8726,FUSE1,p:2.2.4.1.1.2
681,349,U8727,FUSE1,p:1.1.2.2.2.1
682,349,U8728,FUSE1,p:2.3.3.1.3.2
683,349,U8729,FUSE1,p:1.2.1.2.1.1
684,349,U8730,FUSE1,p:2.1.5.1.2.2
685,349,U8731,FUSE1,p:1.3.4.2.3.1
686,349,U8732,FUSE1,p:2.2.2.1.1.2
687,349,U8733,FUSE1,p:1.1.3.2.2.1
688,349,U8734,FUSE2,p:2.3.1.1.3.2
689,349,U8735,FUSE2,p:1.2.5.2.1.1
690,349,U8736,FUSE2,p:2.1.4.1.2.2
691,349,U8737,FUSE2,p:1.3.2.2.3.1
692,349,U8738,FUSE2,p:2.2.3.1.1.2
693,349,U8739,FUSE2,p:1.1.1.2.2.1
694,349,U8740,FUSE2,p:2.3.5.1.3.2
695,349,U8741,FUSE2,p:1.2.4.2.3.1
696,349,U8742,FUSE2,p:2.1.2.2.1.1
697,280,U6999,FUSE0,p:1.3.3.1.2.2
698,280,U7000,FUSE0,p:2.2.1.1.1.2
699,280,U7001,FUSE0,p:1.1.5.2.2.1
700,280,U7002,FUSE0,p:2.3.4.1.2.2
701,280,U7003,FUSE0,p:1.2.3.2.1.1
702,280,U7004,FUSE0,p:2.1.2.1.3.2
703,280,U7005,FUSE0,p:1.3.1.2.3.1
704,280,U7006,FUSE0,p:2.2.5.1.1.2
705,280,U7007,FUSE0,p:1.1.4.2.2.1
706,280,U7008,FUSE1,p:2.3.3.1.3.2
707,280,U7009,FUSE1,p:1.2.2.2.1.1
708,280,U7010,FUSE1,p:2.1.1.1.2.2
709,280,U7011,FUSE1,p:1.3.5.2.3.1
710,280,U7012,FUSE1,p:2.2.4.1.1.2
711,280,U7013,FUSE1,p:1.1.3.2.2.1
712,280,U7014,FUSE1,p:2.3.2.1.3.2
713,280,U7015,FUSE1,p:1.2.1.2.1.1
714,280,U7016,FUSE1,p:2.1.5.1.2.2
715,280,U7017,FUSE2,p:1.3.4.2.3.1
716,280,U7018,FUSE2,p:2.2.3.1.1.2
717,280,U7019,FUSE2,p:1.1.2.2.2.1
718,280,U7020,FUSE2,p:2.3.1.1.3.2
719,280,U7021,FUSE2,p:1.2.5.2.1.1
720,280,U7022,FUSE2,p:2.1.4.1.2.2
721,280,U7023,FUSE2,p:1.3.3.2.3.1
722,280,U7024,FUSE2,p:2.2.2.1.1.2
723,280,U7025,FUSE2,p:1.1.1.1.3.2
724,289,U7225,FUSE0,p:2.3.5.2.2.1
725,289,U7226,FUSE0,p:1.2.4.2.1.1
726,289,U7227,FUSE0,p:2.1.3.1.2.2
727,289,U7228,FUSE0,p:1.3.2.2.3.1
728,289,U7229,FUSE0,p:2.2.5.1.1.2
729,289,U7230,FUSE0,p:1.1.1.2.2.1
730,289,U7231,FUSE0,p:2.3.4.1.3.2
731,289,U7232,FUSE1,p:1.2.3.2.1.1
732,289,U7233,FUSE1,p:2.1.2.1.2.2
733,289,U7234,FUSE1,p:1.3.5.2.3.1
734,289,U7235,FUSE1,p:2.2.1.1.1.2
735,289,U7236,FUSE1,p:1.1.4.2.2.1
736,289,U7237,FUSE1,p:2.3.3.1.3.2
737,289,U7238,FUSE1,p:1.2.2.2.1.1
738,289,U7239,FUSE2,p:2.1.5.1.2.2
739,289,U7240,FUSE2,p:1.3.1.2.3.1
740,289,U7241,FUSE2,p:2.2.4.1.1.2
741,289,U7242,FUSE2,p:1.1.3.2.2.1
742,289,U7243,FUSE2,p:2.3.2.1.3.2
743,289,U7244,FUSE2,p:1.2.5.2.3.1
744,102,U2543,FUSE0,p:2.1.1.2.1.1
745,102,U2544,FUSE0,p:1.3.4.1.2.2
746,102,U2545,FUSE0,p:2.2.3.1.1.2
747,102,U2546,FUSE0,p:1.1.2.2.2.1
748,102,U2547,FUSE0,p:2.3.1.1.3.2
749,102,U2548,FUSE0,p:1.2.4.2.1.1
750,102,U2549,FUSE0,p:2.1.5.1.2.2
751,102,U2550,FUSE0,p:1.3.3.2.3.1
752,102,U2551,FUSE0,p:2.2.2.1.1.2
753,102,U2552,FUSE1,p:1.1.1.2.2.1
754,102,U2553,FUSE1,p:2.3.4.1.3.2
755,102,U2554,FUSE1,p:1.2.5.2.1.1
756,102,U2555,FUSE1,p:2.1.3.1.2.2
757,102,U2556,FUSE1,p:1.3.2.2.3.1
758,102,U2557,FUSE1,p:2.2.1.1.1.2
759,102,U2558,FUSE1,p:1.1.4.2.2.1
760,102,U2559,FUSE1,p:2.3.5.1.3.2
761,102,U2560,FUSE1,p:1.2.3.2.1.1
762,102,U2561,FUSE2,p:2.1.2.1.2.2
763,102,U2562,FUSE2,p:1.3.1.2.3.1
764,102,U2563,FUSE2,p:2.2.4.1.1.2
765,102,U2564,FUSE2,p:1.1.5.2.2.1
766,102,U2565,FUSE2,p:2.3.3.1.3.2
767,102,U2566,FUSE2,p:1.2.2.2.1.1
768,102,U2567,FUSE2,p:2.1.1.1.2.2
769,102,U2568,FUSE2,p:1.3.4.2.3.1
770,102,U2569,FUSE2,p:2.2.5.1.1.2
771,102,U2570,FUSE2,p:1.1.3.2.2.1
772,102,U2571,FUSE2,p:2.3.2.1.3.2
773,88,U2183,FUSE0,p:1.2.1.2.1.1
774,88,U2184,FUSE0,p:2.1.4.1.2.2
775,88,U2185,FUSE0,p:1.3.5.2.3.1
776,88,U2186,FUSE0,p:2.2.3.1.1.2
777,88,U2187,FUSE0,p:1.1.2.2.2.1
778,88,U2188,FUSE0,p:2.3.1.1.3.2
779,88,U2189,FUSE0,p:1.2.4.2.1.1
780,88,U2190,FUSE0,p:2.1.5.1.2.2
781,88,U2191,FUSE0,p:1.3.3.2.3.1
782,88,U2192,FUSE1,p:2.2.2.1.1.2
783,88,U2193,FUSE1,p:1.1.1.2.2.1
784,88,U2194,FUSE1,p:2.3.4.1.3.2
785,88,U2195,FUSE1,p:1.2.5.2.1.1
786,88,U2196,FUSE1,p:2.1.3.1.2.2
787,88,U2197,FUSE1,p:1.3.2.2.3.1
788,88,U2198,FUSE1,p:2.2.1.1.1.2
789,88,U2199,FUSE1,p:1.1.4.2.2.1
790,88,U2200,FUSE2,p:2.3.5.1.3.2
791,88,U2201,FUSE2,p:1.2.3.2.1.1
792,88,U2202,FUSE2,p:2.1.2.1.2.2
793,88,U2203,FUSE2,p:1.3.1.2.3.1
794,88,U2204,FUSE2,p:2.2.4.1.1.2
795,88,U2205,FUSE2,p:1.1.5.2.2.1
796,88,U2206,FUSE2,p:2.3.3.1.3.2
797,88,U2207,FUSE2,p:1.2.2.1.2.2
798,88,U2208,FUSE2,p:2.1.1.2.1.1
799,78,U1927,FUSE0,p:1.3.4.2.3.1
800,78,U1928,FUSE0,p:2.2.5.1.1.2
801,78,U1929,FUSE0,p:1.1.3.2.2.1
802,78,U1930,FUSE0,p:2.3.4.1.2.2
803,78,U1931,FUSE0,p:1.2.2.2.1.1
804,78,U1932,FUSE0,p:2.1.1.1.3.2
805,78,U1933,FUSE0,p:1.3.5.2.3.1
806,78,U1934,FUSE0,p:2.2.3.1.1.2
807,78,U1935,FUSE1,p:1.1.4.2.1.1
808,78,U1936,FUSE1,p:2.3.2.1.3.2
809,78,U1937,FUSE1,p:1.2.1.2.2.1
810,78,U1938,FUSE1,p:2.1.5.1.2.2
811,78,U1939,FUSE1,p:1.3.3.2.3.1
812,78,U1940,FUSE1,p:2.2.4.1.3.2
813,78,U1941,FUSE1,p:1.1.2.2.2.1
814,78,U1942,FUSE1,p:2.3.1.1.1.2
815,78,U1943,FUSE1,p:1.2.5.2.1.1
816,78,U1944,FUSE2,p:2.1.3.1.2.2
817,78,U1945,FUSE2,p:1.3.4.2.2.1
818,78,U1946,FUSE2,p:2.2.2.1.1.2
819,78,U1947,FUSE2,p:1.1.1.2.3.1
820,78,U1948,FUSE2,p:2.3.5.1.3.2
821,78,U1949,FUSE2,p:1.2.3.2.1.1
822,78,U1950,FUSE2,p:2.1.4.2.3.1
823,78,U1951,FUSE2,p:1.3.2.1.1.2
824,78,U1952,FUSE2,p:2.2.1.2.2.1
825,272,U6815,FUSE0,p:1.1.5.1.3.2
826,272,U6816,FUSE0,p:2.3.3.1.2.2
827,272,U6817,FUSE0,p:1.2.5.2.1.1
828,272,U6818,FUSE0,p:2.1.4.1.1.2
829,272,U6819,FUSE0,p:1.3.2.2.2.1
830,272,U6820,FUSE0,p:2.2.1.1.3.2
831,272,U6821,FUSE0,p:1.1.3.2.3.1
832,272,U6822,FUSE1,p:2.3.5.1.2.2
833,272,U6823,FUSE1,p:1.2.4.2.2.1
834,272,U6824,FUSE1,p:2.1.2.1.3.2
835,272,U6825,FUSE1,p:1.3.1.2.1.1
836,272,U6826,FUSE1,p:2.2.3.1.1.2
837,272,U6827,FUSE1,p:1.1.5.2.3.1
838,272,U6828,FUSE1,p:2.3.4.1.2.2
839,272,U6829,FUSE2,p:1.2.2.2.1.1
840,272,U6830,FUSE2,p:2.1.1.1.3.2
841,272,U6831,FUSE2,p:1.3.3.2.2.1
842,272,U6832,FUSE2,p:2.2.5.1.1.2
843,272,U6833,FUSE2,p:1.1.4.2.3.1
844,272,U6834,FUSE2,p:2.3.2.2.1.1
845,272,U6835,FUSE2,p:1.2.1.1.2.2
846,7,U151,FUSE0,p:2.1.3.1.3.2
847,7,U152,FUSE0,p:1.3.5.2.2.1
848,7,U153,FUSE0,p:2.2.4.1.1.2
849,7,U154,FUSE0,p:1.1.3.2.1.1
850,7,U155,FUSE0,p:2.3.2.1.2.2
851,7,U156,FUSE0,p:1.2.1.2.3.1
852,7,U157,FUSE0,p:2.1.5.1.3.2
853,7,U158,FUSE0,p:1.3.4.2.2.1
854,7,U159,FUSE0,p:2.2.3.1.1.2
855,7,U160,FUSE1,p:1.1.2.2.3.1
856,7,U161,FUSE1,p:2.3.1.1.2.2
857,7,U162,FUSE1,p:1.2.5.2.1.1
858,7,U163,FUSE1,p:2.1.4.1.3.2
859,7,U164,FUSE1,p:1.3.3.2.2.1
860,7,U165,FUSE1,p:2.2.2.1.1.2
861,7,U166,FUSE1,p:1.1.1.2.3.1
862,7,U167,FUSE1,p:2.3.5.1.2.2
863,7,U168,FUSE1,p:1.2.4.2.1.1
864,7,U169,FUSE2,p:2.1.3.1.3.2
865,7,U170,FUSE2,p:1.3.2.2.2.1
866,7,U171,FUSE2,p:2.2.1.1.1.2
867,7,U172,FUSE2,p:1.1.5.2.3.1
868,7,U173,FUSE2,p:2.3.4.1.2.2
869,7,U174,FUSE2,p:1.2.3.2.1.1
870,7,U175,FUSE2,p:2.1.2.1.3.2
871,7,U176,FUSE2,p:1.3.1.2.2.1
872,7,U177,FUSE2,p:2.2.5.1.1.2
873,7,U178,FUSE2,p:1.1.4.1.2.2
874,151,U3762,FUSE0,p:2.3.3.2.3.1
875,151,U3763,FUSE0,p:1.2.2.2.1.1
876,151,U3764,FUSE0,p:2.1.1.1.3.2
877,151,U3765,FUSE0,p:1.3.5.2.2.1
878,151,U3766,FUSE0,p:2.2.3.1.1.2
879,151,U3767,FUSE0,p:1.1.4.2.3.1
880,151,U3768,FUSE0,p:2.3.2.1.2.2
881,151,U3769,FUSE0,p:1.2.1.2.1.1
882,151,U3770,FUSE1,p:2.1.5.1.3.2
883,151,U3771,FUSE1,p:1.3.3.2.2.1
884,151,U3772,FUSE1,p:2.2.4.1.1.2
885,151,U3773,FUSE1,p:1.1.2.2.3.1
886,151,U3774,FUSE1,p:2.3.1.1.2.2
887,151,U3775,FUSE1,p:1.2.5.2.1.1
888,151,U3776,FUSE1,p:2.1.3.1.3.2
889,151,U3777,FUSE1,p:1.3.4.2.2.1
890,151,U3778,FUSE2,p:2.2.2.1.1.2
891,151,U3779,FUSE2,p:1.1.1.2.3.1
892,151,U3780,FUSE2,p:2.3.5.1.2.2
893,151,U3781,FUSE2,p:1.2.3.2.1.1
894,151,U3782,FUSE2,p:2.1.4.1.3.2
895,151,U3783,FUSE2,p:1.3.2.2.2.1
896,151,U3784,FUSE2,p:2.2.1.1.1.2
897,28,U682,FUSE0,p:1.1.5.2.3.1
898,28,U683,FUSE0,p:2.3.3.1.2.2
899,28,U684,FUSE0,p:1.2.4.2.1.1
900,28,U685,FUSE0,p:2.1.2.1.3.2
901,28,U686,FUSE0,p:1.3.1.2.2.1
902,28,U687,FUSE0,p:2.2.5.1.1.2
903,28,U688,FUSE1,p:1.1.3.2.3.1
904,28,U689,FUSE1,p:2.3.4.1.2.2
905,28,U690,FUSE1,p:1.2.2.2.1.1
906,28,U691,FUSE1,p:2.1.1.1.3.2
907,28,U692,FUSE1,p:1.3.5.2.2.1
908,28,U693,FUSE1,p:2.2.3.1.1.2
909,28,U694,FUSE2,p:1.1.4.2.3.1
910,28,U695,FUSE2,p:2.3.2.1.2.2
911,28,U696,FUSE2,p:1.2.1.2.1.1
912,28,U697,FUSE2,p:2.1.5.1.3.2
913,28,U698,FUSE2,p:1.3.3.2.2.1
914,28,U699,FUSE2,p:2.2.4.1.1.2
915,28,U700,FUSE2,p:1.1.2.2.1.1
916,28,U701,FUSE2,p:2.3.1.2.3.1
917,328,U8206,FUSE0,p:1.2.5.1.2.2
918,328,U8207,FUSE0,p:2.1.3.1.3.2
919,328,U8208,FUSE0,p:1.3.4.2.2.1
920,328,U8209,FUSE0,p:2.2.2.1.2.2
921,328,U8210,FUSE0,p:1.1.5.2.3.1
922,328,U8211,FUSE0,p:2.3.1.1.1.2
923,328,U8212,FUSE0,p:1.2.3.2.1.1
924,328,U8213,FUSE1,p:2.1.4.1.3.2
925,328,U8214,FUSE1,p:1.3.2.2.3.1
926,328,U8215,FUSE1,p:2.2.5.1.1.2
927,328,U8216,FUSE1,p:1.1.1.2.2.1
928,328,U8217,FUSE1,p:2.3.3.1.2.2
929,328,U8218,FUSE1,p:1.2.4.2.1.1
930,328,U8219,FUSE1,p:2.1.2.1.3.2
931,328,U8220,FUSE2,p:1.3.5.2.2.1
932,328,U8221,FUSE2,p:2.2.1.1.1.2
933,328,U8222,FUSE2,p:1.1.3.2.3.1
934,328,U8223,FUSE2,p:2.3.4.1.2.2
935,328,U8224,FUSE2,p:1.2.2.2.1.1
936,328,U8225,FUSE2,p:2.1.5.1.3.2
937,328,U8226,FUSE2,p:1.3.1.2.2.1
938,328,U8227,FUSE2,p:2.2.3.1.1.2
939,36,U886,FUSE0,p:1.1.4.2.3.1
940,36,U887,FUSE0,p:2.3.2.1.2.2
941,36,U888,FUSE0,p:1.2.5.2.1.1
942,36,U889,FUSE0,p:2.1.1.1.3.2
943,36,U890,FUSE0,p:1.3.3.2.2.1
944,36,U891,FUSE0,p:2.2.4.1.1.2
945,36,U892,FUSE0,p:1.1.2.2.3.1
946,36,U893,FUSE0,p:2.3.5.1.2.2
947,36,U894,FUSE1,p:1.2.1.2.1.1
948,36,U895,FUSE1,p:2.1.3.1.3.2
949,36,U896,FUSE1,p:1.3.4.2.2.1
950,36,U897,FUSE1,p:2.2.2.1.1.2
951,36,U898,FUSE1,p:1.1.5.2.3.1
952,36,U899,FUSE1,p:2.3.1.1.2.2
953,36,U900,FUSE1,p:1.2.3.2.1.1
954,36,U901,FUSE1,p:2.1.4.1.3.2
955,36,U902,FUSE2,p:1.3.2.2.2.1
956,36,U903,FUSE2,p:2.2.5.1.1.2
957,36,U904,FUSE2,p:1.1.1.2.3.1
958,36,U905,FUSE2,p:2.3.3.1.2.2
959,36,U906,FUSE2,p:1.2.4.2.1.1
960,36,U907,FUSE2,p:2.1.2.1.3.2
961,36,U908,FUSE2,p:1.3.5.2.2.1
962,36,U909,FUSE2,p:2.2.1.1.1.2
963,304,U7587,FUSE0,p:1.1.3.1.2.2
964,304,U7588,FUSE0,p:2.3.4.2.3.1
965,304,U7589,FUSE0,p:1.2.2.2.1.1
966,304,U7590,FUSE0,p:2.1.5.1.3.2
967,304,U7591,FUSE0,p:1.3.3.2.3.1
968,304,U7592,FUSE0,p:2.2.4.1.1.2
969,304,U7593,FUSE0,p:1.1.1.2.2.1
970,304,U7594,FUSE0,p:2.3.2.1.2.2
971,304,U7595,FUSE1,p:1.2.5.2.1.1
972,304,U7596,FUSE1,p:2.1.3.1.1.2
973,304,U7597,FUSE1,p:1.3.4.2.2.1
974,304,U7598,FUSE1,p:2.2.1.1.3.2
975,304,U7599,FUSE1,p:1.1.2.2.3.1
976,304,U7600,FUSE1,p:2.3.5.1.2.2
977,304,U7601,FUSE1,p:1.2.3.2.1.1
978,304,U7602,FUSE1,p:2.1.4.1.3.2
979,304,U7603,FUSE2,p:1.3.1.2.2.1
980,304,U7604,FUSE2,p:2.2.2.1.1.2
981,304,U7605,FUSE2,p:1.1.5.2.3.1
982,304,U7606,FUSE2,p:2.3.3.1.2.2
983,304,U7607,FUSE2,p:1.2.4.2.1.1
984,304,U7608,FUSE2,p:2.1.1.1.3.2
985,304,U7609,FUSE2,p:1.3.2.2.2.1
986,304,U7610,FUSE2,p:2.2.5.2.3.1
987,304,U7611,FUSE2,p:1.1.3.2.1.1
988,341,U8523,FUSE0,p:2.3.4.1.2.2
989,341,U8524,FUSE0,p:1.2.1.1.1.2
990,341,U8525,FUSE0,p:2.1.2.1.3.2
991,341,U8526,FUSE0,p:1.3.4.2.3.1
992,341,U8527,FUSE0,p:2.2.5.1.1.2
993,341,U8528,FUSE0,p:1.1.1.2.2.1
994,341,U8529,FUSE0,p:2.3.3.1.2.2
995,341,U8530,FUSE0,p:1.2.2.2.1.1
996,341,U8531,FUSE1,p:2.1.4.1.1.2
997,341,U8532,FUSE1,p:1.3.5.2.2.1
998,341,U8533,FUSE1,p:2.2.1.1.3.2
999,341,U8534,FUSE1,p:1.1.3.2.3.1
1000,341,U8535,FUSE1,p:2.3.2.1.2.2
1001,341,U8536,FUSE1,p:1.2.4.2.2.1
1002,341,U8537,FUSE1,p:2.1.5.1.3.2
1003,341,U8538,FUSE1,p:1.3.1.2.1.1
1004,341,U8539,FUSE2,p:2.2.3.1.1.2
1005,341,U8540,FUSE2,p:1.1.2.2.3.1
1006,341,U8541,FUSE2,p:2.3.4.1.3.2
1007,341,U8542,FUSE2,p:1.2.5.2.1.1
1008,341,U8543,FUSE2,p:2.1.1.1.2.2
1009,341,U8544,FUSE2,p:1.3.3.2.2.1
1010,341,U8545,FUSE2,p:2.2.2.1.1.2
1011,341,U8546,FUSE2,p:1.1.4.2.1.1
1012,202,U5033,FUSE0,p:2.3.5.2.3.1
1013,202,U5034,FUSE0,p:1.2.1.1.2.2
1014,202,U5035,FUSE0,p:2.1.3.1.3.2
1015,202,U5036,FUSE0,p:1.3.2.2.2.1
1016,202,U5037,FUSE0,p:2.2.5.1.1.2
1017,202,U5038,FUSE0,p:1.1.1.2.3.1
1018,202,U5039,FUSE0,p:2.3.4.1.2.2
1019,202,U5040,FUSE0,p:1.2.3.2.1.1
1020,202,U5041,FUSE0,p:2.1.2.1.3.2
1021,202,U5042,FUSE0,p:1.3.5.2.2.1
1022,202,U5043,FUSE1,p:2.2.1.1.1.2
1023,202,U5044,FUSE1,p:1.1.4.2.3.1
1024,202,U5045,FUSE1,p:2.3.3.1.2.2
1025,202,U5046,FUSE1,p:1.2.2.2.1.1
1026,202,U5047,FUSE1,p:2.1.5.1.3.2
1027,202,U5048,FUSE1,p:1.3.1.2.2.1
1028,202,U5049,FUSE1,p:2.2.4.1.1.2
1029,202,U5050,FUSE1,p:1.1.3.2.3.1
1030,202,U5051,FUSE1,p:2.3.2.1.2.2
1031,202,U5052,FUSE1,p:1.2.5.2.1.1
1032,202,U5053,FUSE2,p:2.1.1.1.3.2
1033,202,U5054,FUSE2,p:1.3.4.2.2.1
1034,202,U5055,FUSE2,p:2.2.3.1.1.2
1035,202,U5056,FUSE2,p:1.1.2.2.3.1
1036,202,U5057,FUSE2,p:2.3.5.1.2.2
1037,202,U5058,FUSE2,p:1.2.1.2.1.1
1038,202,U5059,FUSE2,p:2.1.4.1.3.2
1039,202,U5060,FUSE2,p:1.3.3.2.2.1
1040,202,U5061,FUSE2,p:2.2.2.1.1.2
1041,202,U5062,FUSE2,p:1.1.5.2.3.1
1042,344,U8602,FUSE0,p:2.3.1.1.2.2
1043,344,U8603,FUSE0,p:1.2.4.2.1.1
1044,344,U8604,FUSE0,p:2.1.3.1.3.2
1045,344,U8605,FUSE0,p:1.3.2.2.2.1
1046,344,U8606,FUSE0,p:2.2.5.1.1.2
1047,344,U8607,FUSE0,p:1.1.1.2.3.1
1048,344,U8608,FUSE0,p:2.3.4.1.2.2
1049,344,U8609,FUSE0,p:1.2.3.2.1.1
1050,344,U8610,FUSE1,p:2.1.2.1.3.2
1051,344,U8611,FUSE1,p:1.3.5.2.2.1
1052,344,U8612,FUSE1,p:2.2.1.1.1.2
1053,344,U8613,FUSE1,p:1.1.4.2.3.1
1054,344,U8614,FUSE1,p:2.3.3.1.2.2
1055,344,U8615,FUSE1,p:1.2.2.2.1.1
1056,344,U8616,FUSE1,p:2.1.5.1.3.2
1057,344,U8617,FUSE1,p:1.3.1.2.2.1
1058,344,U8618,FUSE2,p:2.2.4.1.1.2
1059,344,U8619,FUSE2,p:1.1.3.2.3.1
1060,344,U8620,FUSE2,p:2.3.2.1.2.2
1061,344,U8621,FUSE2,p:1.2.5.2.1.1
1062,344,U8622,FUSE2,p:2.1.1.1.3.2
1063,344,U8623,FUSE2,p:1.3.4.2.1.2
1064,344,U8624,FUSE2,p:2.2.3.1.2.1
1065,1,U001,FUSE0,p:1.1.2.2.2.2
1066,1,U002,FUSE0,p:2.3.5.1.3.1
1067,1,U003,FUSE0,p:1.2.1.2.3.2
1068,1,U004,FUSE0,p:2.1.4.1.1.1
1069,1,U005,FUSE0,p:1.3.3.2.1.2
1070,1,U006,FUSE0,p:2.2.2.1.2.1
1071,1,U007,FUSE0,p:1.1.5.2.2.2
1072,1,U008,FUSE0,p:2.3.1.1.3.1
1073,1,U009,FUSE0,p:1.2.4.2.3.2
1074,1,U010,FUSE1,p:2.1.3.1.1.1
1075,1,U011,FUSE1,p:1.3.2.2.1.2
1076,1,U012,FUSE1,p:2.2.5.1.2.1
1077,1,U013,FUSE1,p:1.1.1.2.2.2
1078,1,U014,FUSE1,p:2.3.4.1.3.1
1079,1,U015,FUSE1,p:1.2.3.2.3.2
1080,1,U016,FUSE1,p:2.1.2.1.1.1
1081,1,U017,FUSE1,p:1.3.5.2.1.2
1082,1,U018,FUSE1,p:2.2.1.1.2.1
1083,1,U019,FUSE2,p:1.1.4.2.2.2
1084,1,U020,FUSE2,p:2.3.3.1.3.1
1085,1,U021,FUSE2,p:1.2.2.2.1.1
1086,1,U022,FUSE2,p:2.1.5.1.3.2
1087,1,U023,FUSE2,p:1.3.1.2.2.1
1088,1,U024,FUSE2,p:2.2.4.1.1.2
1089,1,U025,FUSE2,p:1.1.3.2.1.1
1090,1,U026,FUSE2,p:2.3.2.1.2.2
1091,39,U963,FUSE0,p:1.2.5.1.3.2
1092,39,U964,FUSE0,p:2.1.1.2.3.1
1093,39,U965,FUSE0,p:1.3.4.2.2.1
1094,39,U966,FUSE0,p:2.2.3.1.2.2
1095,39,U967,FUSE0,p:1.1.5.2.1.1
1096,39,U968,FUSE0,p:2.3.1.1.1.2
1097,39,U969,FUSE0,p:1.2.2.2.3.1
1098,39,U970,FUSE0,p:2.1.4.1.3.2
1099,39,U971,FUSE1,p:1.3.3.2.3.1
1100,39,U972,FUSE1,p:2.2.5.1.2.2
1101,39,U973,FUSE1,p:1.1.1.2.2.1
1102,39,U974,FUSE1,p:2.3.2.1.1.2
1103,39,U975,FUSE1,p:1.2.4.2.1.1
1104,39,U976,FUSE1,p:2.1.3.1.1.2
1105,39,U977,FUSE1,p:1.3.5.2.3.1
1106,39,U978,FUSE1,p:2.2.1.1.3.2
1107,39,U979,FUSE2,p:1.1.2.2.2.1
1108,39,U980,FUSE2,p:2.3.4.1.2.2
1109,39,U981,FUSE2,p:1.2.3.2.2.1
1110,39,U982,FUSE2,p:2.1.5.1.1.2
1111,39,U983,FUSE2,p:1.3.1.2.1.1
1112,39,U984,FUSE2,p:2.2.2.1.3.2
1113,39,U985,FUSE2,p:1.1.4.2.3.1
1114,39,U986,FUSE2,p:2.3.3.1.3.2
1115,39,U987,FUSE2,p:1.2.5.2.2.1
1116,32,U780,FUSE0,p:2.1.1.1.2.2
1117,32,U781,FUSE0,p:1.3.2.2.1.1
1118,32,U782,FUSE0,p:2.2.4.1.1.2
1119,32,U783,FUSE0,p:1.1.1.2.3.1
1120,32,U784,FUSE0,p:2.3.2.1.2.2
1121,32,U785,FUSE0,p:1.2.3.2.1.1
1122,32,U786,FUSE0,p:2.1.5.1.3.2
1123,32,U787,FUSE1,p:1.3.4.2.2.1
1124,32,U788,FUSE1,p:2.2.1.1.1.2
1125,32,U789,FUSE1,p:1.1.2.2.3.1
1126,32,U790,FUSE1,p:2.3.3.1.2.2
1127,32,U791,FUSE1,p:1.2.5.2.1.1
1128,32,U792,FUSE1,p:2.1.4.1.3.2
1129,32,U793,FUSE1,p:1.3.1.2.2.1
1130,32,U794,FUSE2,p:2.2.2.1.1.2
1131,32,U795,FUSE2,p:1.1.3.2.3.1
1132,32,U796,FUSE2,p:2.3.5.1.2.2
1133,32,U797,FUSE2,p:1.2.4.2.1.1
1134,32,U798,FUSE2,p:2.1.1.1.3.2
1135,32,U799,FUSE2,p:1.3.2.2.2.1
1136,32,U800,FUSE2,p:2.2.3.1.1.2
1137,32,U801,FUSE2,p:1.1.5.2.3.1
1138,80,U1977,FUSE0,p:2.3.4.1.2.2
1139,80,U1978,FUSE0,p:1.2.1.2.1.1
1140,80,U1979,FUSE0,p:2.1.2.1.3.2
1141,80,U1980,FUSE0,p:1.3.3.2.2.1
1142,80,U1981,FUSE0,p:2.2.5.1.1.2
1143,80,U1982,FUSE0,p:1.1.4.2.3.1
1144,80,U1983,FUSE0,p:2.3.1.1.2.2
1145,80,U1984,FUSE0,p:1.2.2.2.1.1
1146,80,U1985,FUSE1,p:2.1.3.1.3.2
1147,80,U1986,FUSE1,p:1.3.5.2.2.1
1148,80,U1987,FUSE1,p:2.2.4.1.1.2
1149,80,U1988,FUSE1,p:1.1.1.2.3.1
1150,80,U1989,FUSE1,p:2.3.2.1.2.2
1151,80,U1990,FUSE1,p:1.2.3.2.1.1
1152,80,U1991,FUSE1,p:2.1.5.1.3.2
1153,80,U1992,FUSE1,p:1.3.4.2.2.1
1154,80,U1993,FUSE2,p:2.2.1.1.1.2
1155,80,U1994,FUSE2,p:1.1.2.2.3.1
1156,80,U1995,FUSE2,p:2.3.3.1.2.2
1157,80,U1996,FUSE2,p:1.2.5.2.1.1
1158,80,U1997,FUSE2,p:2.1.4.1.3.2
1159,80,U1998,FUSE2,p:1.3.1.2.2.1
1160,80,U1999,FUSE2,p:2.2.2.2.3.1
1161,167,U4163,FUSE0,p:1.1.3.1.1.2
1162,167,U4164,FUSE0,p:2.3.5.1.2.2
1163,167,U4165,FUSE0,p:1.2.4.2.1.1
1164,167,U4166,FUSE0,p:2.1.1.1.3.2
1165,167,U4167,FUSE0,p:1.3.3.2.2.1
1166,167,U4168,FUSE0,p:2.2.2.1.1.2
1167,167,U4169,FUSE0,p:1.1.5.2.3.1
1168,167,U4170,FUSE0,p:2.3.4.1.2.2
1169,167,U4171,FUSE1,p:1.2.1.2.1.1
1170,167,U4172,FUSE1,p:2.1.3.1.3.2
1171,167,U4173,FUSE1,p:1.3.2.2.2.1
1172,167,U4174,FUSE1,p:2.2.5.1.1.2
1173,167,U4175,FUSE1,p:1.1.4.2.3.1
1174,167,U4176,FUSE1,p:2.3.1.1.2.2
1175,167,U4177,FUSE1,p:1.2.3.2.1.1
1176,167,U4178,FUSE1,p:2.1.2.1.3.2
1177,167,U4179,FUSE2,p:1.3.5.2.2.1
1178,167,U4180,FUSE2,p:2.2.4.1.1.2
1179,167,U4181,FUSE2,p:1.1.1.2.3.1
1180,167,U4182,FUSE2,p:2.3.3.1.2.2
1181,167,U4183,FUSE2,p:1.2.2.2.1.1
1182,167,U4184,FUSE2,p:2.1.5.1.3.2
1183,167,U4185,FUSE2,p:1.3.4.2.2.1
1184,167,U4186,FUSE2,p:2.2.1.2.3.1
1185,167,U4187,FUSE2,p:1.1.3.2.1.1
1186,322,U8046,FUSE0,p:2.3.2.1.1.2
1187,322,U8047,FUSE0,p:1.2.5.1.2.2
1188,322,U8048,FUSE0,p:2.1.4.1.3.2
1189,322,U8049,FUSE0,p:1.3.2.2.2.1
1190,322,U8050,FUSE0,p:2.2.1.1.1.2
1191,322,U8051,FUSE0,p:1.1.5.2.3.1
1192,322,U8052,FUSE0,p:2.3.3.1.2.2
1193,322,U8053,FUSE0,p:1.2.4.2.1.1
1194,322,U8054,FUSE1,p:2.1.2.1.3.2
1195,322,U8055,FUSE1,p:1.3.1.2.2.1
1196,322,U8056,FUSE1,p:2.2.5.1.1.2
1197,322,U8057,FUSE1,p:1.1.3.2.3.1
1198,322,U8058,FUSE1,p:2.3.4.1.2.2
1199,322,U8059,FUSE1,p:1.2.2.2.1.1
1200,322,U8060,FUSE1,p:2.1.1.1.3.2
1201,322,U8061,FUSE1,p:1.3.5.2.2.1
1202,322,U8062,FUSE2,p:2.2.3.1.1.2
1203,322,U8063,FUSE2,p:1.1.4.2.3.1
1204,322,U8064,FUSE2,p:2.3.2.1.2.2
1205,322,U8065,FUSE2,p:1.2.1.2.1.1
1206,322,U8066,FUSE2,p:2.1.5.1.3.2
1207,322,U8067,FUSE2,p:1.3.3.2.2.1
1208,322,U8068,FUSE2,p:2.2.4.1.1.2
1209,322,U8069,FUSE2,p:1.1.2.2.1.1
1210,275,U6884,FUSE0,p:2.3.1.2.3.1
1211,275,U6885,FUSE0,p:1.2.5.1.2.2
1212,275,U6886,FUSE0,p:2.1.3.1.3.2
1213,275,U6887,FUSE0,p:1.3.4.2.2.1
1214,275,U6888,FUSE0,p:2.2.1.1.1.2
1215,275,U6889,FUSE0,p:1.1.5.2.3.1
1216,275,U6890,FUSE1,p:2.3.2.1.2.2
1217,275,U6891,FUSE1,p:1.2.3.2.1.1
1218,275,U6892,FUSE1,p:2.1.4.1.3.2
1219,275,U6893,FUSE1,p:1.3.1.2.2.1
1220,275,U6894,FUSE1,p:2.2.5.1.1.2
1221,275,U6895,FUSE1,p:1.1.2.2.3.1
1222,275,U6896,FUSE2,p:2.3.3.1.2.2
1223,275,U6897,FUSE2,p:1.2.4.2.1.1
1224,275,U6898,FUSE2,p:2.1.1.1.3.2
1225,275,U6899,FUSE2,p:1.3.5.2.2.1
1226,275,U6900,FUSE2,p:2.2.2.2.3.1
1227,275,U6901,FUSE2,p:1.1.3.1.2.2
1228,311,U7767,FUSE0,p:2.3.4.1.1.2
1229,311,U7768,FUSE0,p:1.2.1.2.1.1
1230,311,U7769,FUSE0,p:2.1.5.1.3.2
1231,311,U7770,FUSE0,p:1.3.4.2.2.1
1232,311,U7771,FUSE0,p:2.2.2.1.1.2
1233,311,U7772,FUSE0,p:1.1.3.2.3.1
1234,311,U7773,FUSE0,p:2.3.1.1.2.2
1235,311,U7774,FUSE0,p:1.2.5.2.1.1
1236,311,U7775,FUSE0,p:2.1.4.1.3.2
1237,311,U7776,FUSE1,p:1.3.2.2.2.1
1238,311,U7777,FUSE1,p:2.2.3.1.1.2
1239,311,U7778,FUSE1,p:1.1.1.2.3.1
1240,311,U7779,FUSE1,p:2.3.5.1.2.2
1241,311,U7780,FUSE1,p:1.2.4.2.1.1
1242,311,U7781,FUSE1,p:2.1.2.1.3.2
1243,311,U7782,FUSE1,p:1.3.3.2.2.1
1244,311,U7783,FUSE1,p:2.2.1.1.1.2
1245,311,U7784,FUSE1,p:1.1.5.2.3.1
1246,311,U7785,FUSE2,p:2.3.4.1.2.2
1247,311,U7786,FUSE2,p:1.2.2.2.1.1
1248,311,U7787,FUSE2,p:2.1.3.1.3.2
1249,311,U7788,FUSE2,p:1.3.1.2.2.1
1250,311,U7789,FUSE2,p:2.2.5.1.1.2
1251,311,U7790,FUSE2,p:1.1.4.2.3.1
1252,311,U7791,FUSE2,p:2.3.2.1.2.2
1253,311,U7792,FUSE2,p:1.2.3.2.2.1
1254,134,U3347,FUSE0,p:2.1.1.2.1.1
1255,134,U3348,FUSE0,p:1.3.5.1.3.2
1256,134,U3349,FUSE0,p:2.2.4.1.1.2
1257,134,U3350,FUSE0,p:1.1.2.2.3.1
1258,134,U3351,FUSE0,p:2.3.1.1.2.2
1259,134,U3352,FUSE0,p:1.2.5.2.1.1
1260,134,U3353,FUSE0,p:2.1.3.1.3.2
1261,134,U3354,FUSE1,p:1.3.4.2.2.1
1262,134,U3355,FUSE1,p:2.2.2.1.1.2
1263,134,U3356,FUSE1,p:1.1.1.2.3.1
1264,134,U3357,FUSE1,p:2.3.5.1.2.2
1265,134,U3358,FUSE1,p:1.2.3.2.1.1
1266,134,U3359,FUSE1,p:2.1.4.1.3.2
1267,134,U3360,FUSE1,p:1.3.2.2.2.1
1268,134,U3361,FUSE2,p:2.2.1.1.1.2
1269,134,U3362,FUSE2,p:1.1.5.2.3.1
1270,134,U3363,FUSE2,p:2.3.3.1.2.2
1271,134,U3364,FUSE2,p:1.2.4.2.1.1
1272,134,U3365,FUSE2,p:2.1.2.2.2.1
1273,134,U3366,FUSE2,p:1.3.1.1.1.2
1274,134,U3367,FUSE2,p:2.2.5.2.3.1
1275,212,U5281,FUSE0,p:1.1.3.1.3.2
1276,212,U5282,FUSE0,p:2.3.4.1.2.2
1277,212,U5283,FUSE0,p:1.2.3.2.1.1
1278,212,U5284,FUSE0,p:2.1.2.1.3.2
1279,212,U5285,FUSE0,p:1.3.1.2.2.1
1280,212,U5286,FUSE0,p:2.2.5.1.1.2
1281,212,U5287,FUSE0,p:1.1.4.2.3.1
1282,212,U5288,FUSE0,p:2.3.3.1.2.2
1283,212,U5289,FUSE0,p:1.2.2.2.1.1
1284,212,U5290,FUSE1,p:2.1.1.1.3.2
1285,212,U5291,FUSE1,p:1.3.5.2.2.1
1286,212,U5292,FUSE1,p:2.2.4.1.1.2
1287,212,U5293,FUSE1,p:1.1.3.2.3.1
1288,212,U5294,FUSE1,p:2.3.2.1.2.2
1289,212,U5295,FUSE1,p:1.2.1.2.1.1
1290,212,U5296,FUSE1,p:2.1.5.1.3.2
1291,212,U5297,FUSE1,p:1.3.4.2.2.1
1292,212,U5298,FUSE1,p:2.2.3.1.1.2
1293,212,U5299,FUSE2,p:1.1.2.2.3.1
1294,212,U5300,FUSE2,p:2.3.1.1.2.2
1295,212,U5301,FUSE2,p:1.2.5.2.1.1
1296,212,U5302,FUSE2,p:2.1.4.1.3.2
1297,212,U5303,FUSE2,p:1.3.3.2.2.1
1298,212,U5304,FUSE2,p:2.2.2.1.1.2
1299,212,U5305,FUSE2,p:1.1.1.2.3.1
1300,212,U5306,FUSE2,p:2.3.5.1.2.2
1301,212,U5307,FUSE2,p:1.2.4.2.1.1
1302,212,U5308,FUSE2,p:2.1.3.2.2.1
1303,46,U1141,FUSE0,p:1.3.2.1.3.2
1304,46,U1142,FUSE0,p:2.2.1.1.1.2
1305,46,U1143,FUSE0,p:1.1.5.2.3.1
1306,46,U1144,FUSE0,p:2.3.4.1.2.2
1307,46,U1145,FUSE0,p:1.2.2.2.1.1
1308,46,U1146,FUSE0,p:2.1.3.1.3.2
1309,46,U1147,FUSE0,p:1.3.1.2.2.1
1310,46,U1148,FUSE0,p:2.2.5.1.1.2
1311,46,U1149,FUSE1,p:1.1.4.2.3.1
1312,46,U1150,FUSE1,p:2.3.2.1.2.2
1313,46,U1151,FUSE1,p:1.2.3.2.1.1
1314,46,U1152,FUSE1,p:2.1.1.1.3.2
1315,46,U1153,FUSE1,p:1.3.5.2.2.1
1316,46,U1154,FUSE1,p:2.2.4.1.1.2
1317,46,U1155,FUSE1,p:1.1.2.2.3.1
1318,46,U1156,FUSE1,p:2.3.3.1.2.2
1319,46,U1157,FUSE2,p:1.2.1.2.1.1
1320,46,U1158,FUSE2,p:2.1.5.1.3.2
1321,46,U1159,FUSE2,p:1.3.4.2.2.1
1322,46,U1160,FUSE2,p:2.2.2.1.1.2
1323,46,U1161,FUSE2,p:1.1.3.2.3.1
1324,46,U1162,FUSE2,p:2.3.1.1.2.2
1325,46,U1163,FUSE2,p:1.2.5.2.1.1
1326,46,U1164,FUSE2,p:2.1.4.1.3.2
1327,46,U1165,FUSE2,p:1.3.2.2.2.1
