start of run,run number,schedule_calculation,simulation_runtime
0.01956179999979213,1,24.708101700001862,0.38967350000166334
25.118039700002555,1,0,0.18732319999980973
25.305845700000646,1,0,0.23905820000072708
25.545479200001864,1,0,0.4166884999976901
25.96262790000037,1,0,0.22747439999875496
26.190547300000617,1,0,0.26740309999877354
26.45837720000054,1,0,0.24280480000015814
26.70160990000295,1,0,0.2150368000002345
26.917025500002637,1,0,0.25577999999950407
27.173289599999407,1,0,0.30395430000135093
27.477667200000724,1,0,0.26881589999902644
27.74705929999982,1,0,0.6590877999988152
28.407198400000198,1,0,0.3069206000000122
28.714556200000516,1,0,0.33432489999904647
29.049309000001813,1,0,0.4126241000012669
29.462419999999838,1,0,0.4377704999969865
29.900796900001296,1,0,0.30130779999672086
30.202575300001627,1,0,0.3405563999986043
30.54369580000275,1,0,0.2994289000016579
30.84369069999957,1,0,0.3335925999999745
31.17777610000121,1,0,0.34801639999932377
31.526174300001003,1,0,0.9988013000001956
32.52563860000009,1,0,0.5440078999999969
33.07020860000193,1,0,0.8667858999979217
33.93757539999933,1,0,0.5075470000010682
34.44559080000181,1,0,0.5274171999990358
34.97348590000183,1,0,0.6222133000010217
35.59615610000037,1,0,0.5128164000016113
36.109425500002544,1,0,0.7289961999995285
36.83906710000156,1,0,0.5548323000002711
37.3946176999998,1,0,0.7683206000001519
38.1638810000004,1,0,0.6152513999986695
38.7796296000015,1,0,0.7328123000006599
39.51301590000003,1,0,0.6332097000013164
40.1468483000026,1,0,0.6584193000016967
40.80590310000116,1,0,0.7278937000010046
41.534411399999954,1,0,0.9064371999993455
42.44142389999979,1,0,1.1792854000013904
43.62150490000204,1,0,0.9271675999989384
44.54964749999999,1,0,0.8581660999989253
45.40836910000144,1,0,0.9362087999979849
46.34532070000205,1,0,0.8523431000030541
47.19828129999951,1,0,1.2004116999996768
48.39924550000069,1,0,1.018676299998333
49.41850340000019,1,0,1.029191900001024
50.44829709999976,1,0,0.9816946999999345
51.43049969999993,1,0,1.0163513999978022
52.447441100001015,1,0,1.0040453000001435
53.45233949999965,1,0,1.0669120000020484
54.5199915000012,1,0,1.0008191000015358
55.5219367000027,1,0,1.0616917000006652
56.58420710000064,1,0,1.0382227000009152
57.62345700000151,1,0,1.0007963999996718
58.625338900001225,1,0,1.0062452999991365
59.632079000002705,1,0,1.131986100001086
60.76463689999946,1,0,1.052068800003326
61.81726379999964,1,0,1.1193209000011848
62.937217800001235,1,0,1.0932224999996834
64.03119119999974,1,0,1.2106751999999688
65.24269300000014,1,0,1.1631271000005654
66.40646850000121,1,0,1.1257235999983095
67.53274150000289,1,0,1.1413431000000855
68.6747439000028,1,0,1.1833404999997583
69.85886590000155,1,0,1.1539444000009098
71.01376060000257,1,0,1.3023829999983718
72.31675970000288,1,0,1.4136766000010539
73.73099920000095,1,0,1.2561081000021659
74.98776980000184,1,0,1.2710031999995408
76.25938850000239,1,0,1.2300417999977071
77.49009880000085,1,0,1.3145584000012605
78.80532800000219,1,0,1.297617000000173
80.10363270000016,1,0,1.3030123999997159
81.40740030000234,1,0,1.3562832999996317
82.76437740000256,1,0,1.3692028000004939
84.13428390000263,1,0,1.39735699999801
85.53231439999945,1,0,1.3866024000017205
86.91962220000278,1,0,1.39076009999917
88.31096460000117,1,0,1.4281479000019317
89.73967190000258,1,0,1.448516100001143
91.18882460000168,1,0,1.4469979000023159
92.63658249999935,1,0,1.4674764999981562
94.10495609999998,1,0,1.4737607999995816
95.57971170000019,1,0,1.5020874999972875
97.0830042000016,1,0,1.4766734000004362
98.56038810000246,1,0,1.4825184000001173
100.0437966999998,1,0,1.6105023999989498
101.6553077000026,1,0,1.53295149999758
103.18921709999995,1,0,1.7113260999976774
104.90128720000212,1,0,1.6263135000008333
106.52816090000124,1,0,1.716405200000736
108.24580580000111,1,0,1.844486499998311
0.021311600001354236,2,24.76055659999838,0.190726499997254
24.973256900000706,2,0,0.18652600000132225
25.16019420000157,2,0,0.14837450000050012
25.309021200002462,2,0,0.14718250000078115
25.456793500001368,2,0,0.19658930000150576
25.653783900001145,2,0,0.2298878000001423
25.884160200002952,2,0,0.4215463999971689
26.30611940000017,2,0,0.5610812999984773
26.867664200002764,2,0,0.2583303999999771
27.1264228,2,0,0.2274400999995123
27.354537200000777,2,0,0.2545702999996138
27.609686800002237,2,0,0.22657239999898593
27.836748500001704,2,0,0.24191069999869796
28.0794272000021,2,0,0.48785249999855296
28.5676655999996,2,0,0.31122119999781717
28.879295800001273,2,0,0.40494910000052187
29.284845900001528,2,0,0.3049621999998635
29.590224300001864,2,0,0.3021642999992764
29.89288250000027,2,0,0.6209748000001127
30.51428070000111,2,0,0.31280079999851296
30.827498700000433,2,0,0.32781319999776315
31.155678200000693,2,0,0.33978360000037355
31.49597150000045,2,0,0.31094020000091405
31.807465100002446,2,0,0.36610019999716314
32.174180400001205,2,0,0.3928641000020434
32.567623099999764,2,0,0.4651198999999906
33.03311380000014,2,0,0.3800891999999294
33.41367650000029,2,0,0.8493316999993112
34.263546700000006,2,0,0.4481201999988116
34.71236450000288,2,0,0.5658879000002344
35.279043000002275,2,0,0.4664359999987937
35.74605639999936,2,0,0.43769759999850066
36.18420479999986,2,0,0.8419183999976667
37.02655570000206,2,0,0.5884718999986944
37.61578830000144,2,0,0.5210604000021704
38.13777029999983,2,0,0.7218212999978277
38.860077700002876,2,0,0.6564414000022225
39.5172206999996,2,0,0.7097534999993513
40.227531000000454,2,0,0.7061824999982491
40.934378600002674,2,0,0.7344054000022879
41.669488800002,2,0,0.6363979000016116
42.30654760000107,2,0,0.6334588999998232
42.94055890000163,2,0,0.6811422999999195
43.622211300000345,2,0,0.6494702999989386
44.2722926000024,2,0,0.6932161000004271
44.96610160000273,2,0,0.6928240999986883
45.65984480000043,2,0,0.8822118000025512
46.542929499999445,2,0,0.8349286000011489
47.37850900000194,2,0,0.8257733999998891
48.2047702000018,2,0,0.7749426999980642
48.98024430000078,2,0,0.858202400002483
49.83907270000054,2,0,0.8382423000002746
50.67802510000183,2,0,0.7675050999969244
51.44617610000205,2,0,0.7943057000011322
52.241166700001486,2,0,0.7895238999990397
53.03123410000262,2,0,0.837046200002078
53.86933499999941,2,0,0.7776615999973728
54.64760229999956,2,0,0.9088929999998072
55.557459600000584,2,0,1.0067214000009699
56.564675600002374,2,0,0.8896487000019988
57.45520320000287,2,0,1.0422549000031722
58.49803050000264,2,0,0.9589575000027253
59.457492000001366,2,0,0.9633860999965691
60.42140840000138,2,0,0.9467145000016899
61.368731200000184,2,0,0.9982612000021618
62.36826430000292,2,0,1.5828294999992067
63.95171290000144,2,0,1.2302224000013666
65.1828201999997,2,0,1.355251999997563
66.53861770000003,2,0,1.3032141999974556
67.84268110000266,2,0,1.29550890000246
69.13899940000192,2,0,1.2783435999990616
70.41796020000038,2,0,1.2823463999993692
71.70113060000222,2,0,1.2538185000012163
72.95563519999996,2,0,1.2181252000009408
74.17434440000216,2,0,1.376570600001287
75.55165219999981,2,0,1.2707569999984116
76.82299190000049,2,0,1.332647100000031
78.15672040000209,2,0,1.5712281999985862
79.72901270000148,2,0,1.3737745999969775
81.10375639999984,2,0,1.4912481999999727
82.59602649999943,2,0,1.4278341999997792
84.02465890000167,2,0,1.4428752999992867
85.46822830000019,2,0,1.4408177000004798
86.9097236000016,2,0,1.49650660000043
88.40714380000281,2,0,1.511365399997885
89.919632000001,2,0,1.5477951000029861
91.46823740000036,2,0,1.6717536999967706
93.14064480000161,2,0,1.6086398999977973
94.75065620000169,2,0,1.5980550999993284
96.34960970000247,2,0,1.5972763999998278
97.94796359999964,2,0,1.6842523999985133
99.63290930000221,2,0,1.604982500000915
101.23902310000267,2,0,1.8573537000011129
103.09696500000064,2,0,1.9347172999987379
0.0214802000009513,3,24.652564499996515,0.44213220000165165
25.117130100003124,3,0,0.1858434000023408
25.303554500002065,3,0,0.17249090000041178
25.47648680000202,3,0,0.16898049999872455
25.64606780000031,3,0,0.3000270000011369
25.946825300001365,3,0,0.27824410000175703
26.225651500000822,3,0,0.320863000000827
26.54689420000068,3,0,0.476737699998921
27.024158100000932,3,0,0.3678777000022819
27.392618000001676,3,0,0.2944110999997065
27.68744280000101,3,0,0.2512739999983751
27.939103100001375,3,0,0.27735089999987395
28.216935000000376,3,0,0.90758900000219
29.124929400000838,3,0,0.3780786999996053
29.503504899999825,3,0,0.6122333000021172
30.11617070000284,3,0,0.48282019999896875
30.599451500002033,3,0,0.37191750000056345
30.97175419999985,3,0,0.47213189999820315
31.444440300001588,3,0,0.4223166999981913
31.86718910000127,3,0,0.5360322000015003
32.40372650000063,3,0,0.7560725000003004
33.16046930000084,3,0,0.7087094000016805
33.8699927000016,3,0,0.5087277999991784
34.37933950000297,3,0,0.6148410000023432
34.99505310000313,3,0,0.5447614000004251
35.540407600001345,3,0,0.8740496999998868
36.41550950000237,3,0,0.6491024999995716
37.06510640000124,3,0,0.5903868000023067
37.65610180000294,3,0,0.6087948999993387
38.26565130000017,3,0,0.8304783000021416
39.09739180000179,3,0,0.8992872999988322
39.997343800001545,3,0,0.66281539999909
40.660733900000196,3,0,0.7013602000006358
41.362667400000646,3,0,0.6652261999988696
42.02865380000003,3,0,0.7852730000013253
42.814547400001175,3,0,0.7425894000007247
43.557889600000635,3,0,0.6968743999968865
44.25548890000209,3,0,0.8564528000024438
45.112576999999874,3,0,0.7609097999993537
45.87445640000078,3,0,0.758241999999882
46.63322920000064,3,0,0.8675939999993716
47.50154520000069,3,0,0.7583908999986306
48.26096740000139,3,0,0.84207669999887
49.103921900001296,3,0,0.8255465000002005
49.92994550000003,3,0,0.8060585000021092
50.736539900000935,3,0,0.7965877999995428
51.53366930000266,3,0,0.8080873999970208
52.34247890000188,3,0,0.8292418000019097
53.172334599999886,3,0,0.7746178000015789
53.947867800001404,3,0,0.8187989000034577
54.767304500001046,3,0,0.8234709999996994
55.591326200003095,3,0,0.8469172000004619
56.43871250000302,3,0,0.8197098000018741
57.25891970000157,3,0,0.912890100000368
58.172589300000254,3,0,0.9454599999990023
59.11865680000119,3,0,0.8687528999980714
59.98795270000119,3,0,0.9228844999997818
60.91156400000182,3,0,0.8802174000011291
61.79268980000052,3,0,0.8483652000031725
62.6416229000024,3,0,0.9089009999988775
63.55104350000329,3,0,1.2234731000025931
64.77499350000289,3,0,0.9929741000014474
65.76876500000071,3,0,1.1312997999993968
66.90064859999984,3,0,1.0385545999997703
67.93982909999977,3,0,1.1393686999981583
69.07978000000003,3,0,1.098131499998999
70.1785157000013,3,0,1.1178720999996585
71.29697800000213,3,0,1.1161855000027572
72.4136991000014,3,0,1.124342600000091
73.53874370000267,3,0,1.1429117000006954
74.68221150000318,3,0,1.160594900000433
75.84330160000172,3,0,1.1121734000007564
76.95608020000145,3,0,1.1170592999988003
78.07406500000434,3,0,1.109652899998764
79.18437990000166,3,0,1.209172100003343
80.39415640000152,3,0,1.1897721999994246
81.58483920000072,3,0,1.2601248000064516
82.84583159999966,3,0,1.1965823999998975
84.04302359999929,3,0,1.2382251000017277
85.28183889999855,3,0,1.1813710999995237
86.46406460000071,3,0,1.7271643999993103
88.1919364000023,3,0,1.3941967999999179
89.58689980000418,3,0,1.4687860000049113
91.05636530000265,3,0,1.4131459999989602
92.47022600000128,3,0,1.4608710999964387
93.93177240000296,3,0,1.5548111999960383
95.48742439999842,3,0,1.8012985999957891
97.28965780000362,3,0,1.6848066999955336
98.97537509999893,3,0,1.6609524999948917
100.63695530000041,3,0,1.705886499999906
102.34344480000073,3,0,1.608457599999383
103.95295550000083,3,0,1.6812773999990895
105.63498949999848,3,0,1.8457594999999856
0.019637899997178465,4,24.581829999995534,1.012325999996392
25.614343699999154,4,0,0.22086339999805205
25.835736399996676,4,0,0.36525930000061635
26.201665399996273,4,0,0.2598271000024397
26.46202999999514,4,0,0.5486528000037652
27.01103229999717,4,0,0.32628590000240365
27.337696899994626,4,0,0.31669590000092285
27.654871599996113,4,0,0.29974139999831095
27.95510789999389,4,0,0.6031493999980739
28.558679899993876,4,0,0.3592121999972733
28.918456999999762,4,0,0.44135889999597566
29.36030189999292,4,0,0.35952260000340175
29.720310699995025,4,0,1.1928828000018257
30.913867299997946,4,0,0.48258009999699425
31.39695539999957,4,0,0.6804781000028015
32.077918499999214,4,0,0.6227034000039566
32.701124399995024,4,0,0.5305841000008513
33.23220559999754,4,0,0.5730534999966039
33.80587519999972,4,0,0.5560000999976182
34.36250629999995,4,0,0.5702497999955085
34.933654299995396,4,0,0.553041300001496
35.48723299999983,4,0,0.6309297000043443
36.11893099999725,4,0,0.553750700004457
36.673228599996946,4,0,0.774690999998711
37.44841509999969,4,0,0.6022803999949247
38.0513021999941,4,0,1.0028020999961882
39.05499749999581,4,0,0.734085199997935
39.789716999999655,4,0,0.6917352999953437
40.48219899999822,4,0,0.7034466999975848
41.18630679999478,4,0,0.7087079999982961
41.89562059999298,4,0,0.9827919000017573
42.87907839999389,4,0,0.8135046000024886
43.69331599999714,4,0,1.1424133999971673
44.83632929999294,4,0,0.8382390000042506
45.67510289999336,4,0,1.0675591999970493
46.74337879999803,4,0,0.9381901000015205
47.68213889999606,4,0,0.9281326999989687
48.61100230000011,4,0,1.0947811000005458
49.706403399999544,4,0,1.04581280000275
50.75288289999298,4,0,1.0034228000004077
51.75733869999385,4,0,1.060824699998193
52.81868309999845,4,0,1.024656599998707
53.84419839999464,4,0,1.0080248000012944
54.85304259999975,4,0,1.018000199997914
55.8716157999952,4,0,1.0796603000053437
56.951797899993835,4,0,1.1949409999942873
58.1474162999948,4,0,1.0804845999955432
59.228877299996384,4,0,1.0809702000042307
60.31051209999714,4,0,1.0986024000012549
61.41011829999479,4,0,1.1848643999983324
62.5959245999984,4,0,1.130969300000288
63.727470199999516,4,0,1.2732294000015827
65.00120859999879,4,0,1.1699645000044256
66.17214959999546,4,0,1.253636399997049
67.42636069999571,4,0,1.262127000001783
68.68909379999968,4,0,1.2360573999976623
69.92592879999575,4,0,1.3120546999998624
71.23851479999576,4,0,1.2687070999963908
72.50803719999385,4,0,1.32623969999986
73.83510349999415,4,0,1.2894670000023325
75.12537359999988,4,0,1.266731700001401
76.3927662999995,4,0,1.2530855000004522
77.64669739999954,4,0,1.3253552000023774
78.97273809999751,4,0,1.2659188000034192
80.23948689999816,4,0,1.28666240000166
81.5268625999961,4,0,1.4286862000008114
82.95613729999604,4,0,1.321400699998776
84.27812679999624,4,0,1.4308428000003914
85.70956169999408,4,0,1.375971400004346
87.08626979999826,4,0,1.4418038000003435
88.52882879999379,4,0,1.502453199995216
90.03200619999552,4,0,1.5365174999969895
91.56946169999719,4,0,1.4630681999988155
93.03341039999941,4,0,1.5306256000039866
94.564973499997,4,0,1.674665600003209
96.24028749999707,4,0,1.6237239999973099
97.86467819999962,4,0,1.5721033999943756
99.43739329999516,4,0,1.6884709000005387
101.12712099999771,4,0,1.6884508000002825
102.81618769999477,4,0,1.7554854999980307
104.57227139999304,4,0,1.6654647999966983
106.23848789999465,4,0,1.787395799998194
0.02094560000114143,5,24.520797099998163,0.19418020000011893
24.7366406000001,5,0,0.1520022999975481
24.88898799999879,5,0,0.21312670000043
25.10265629999776,5,0,0.19921339999564225
25.302435700003116,5,0,0.48067789999913657
25.78353800000332,5,0,0.262527200000477
26.046613899998192,5,0,0.20210230000520824
26.249264400001266,5,0,0.6274478000050294
26.87718180000229,5,0,0.28334149999864167
27.16090770000301,5,0,1.1140868000002229
28.275619600004575,5,0,0.514149599999655
28.79033840000193,5,0,0.42410170000221115
29.215096200001426,5,0,0.46869059999880847
29.684447600004205,5,0,0.43581100000301376
30.120752900002117,5,0,0.47404540000570705
30.59523479999916,5,0,0.41492940000171075
31.010608900003717,5,0,0.37937609999789856
31.390544800000498,5,0,0.4002824999988661
31.791334699999425,5,0,0.47002700000302866
32.26187870000285,5,0,0.43192959999578306
32.69428380000318,5,0,0.42176049999397947
33.116821299998264,5,0,0.4920496999984607
33.6096738999986,5,0,0.3988199000013992
34.009158200002275,5,0,0.47038050000264775
34.480244800004584,5,0,0.45940550000523217
34.940202400001,5,0,0.4483669999972335
35.38929830000416,5,0,0.7921140999969793
36.18205239999952,5,0,0.4859959000023082
36.66860969999834,5,0,0.49827479999657953
37.16734749999887,5,0,0.9549502000008943
38.122871600004146,5,0,0.6054024999975809
38.72884260000137,5,0,0.77352719999908
39.50316340000427,5,0,0.6258634999976493
40.129767500002345,5,0,0.8178382000041893
40.94841080000333,5,0,0.709979299994302
41.658993299999565,5,0,0.6490934999965248
42.30896970000322,5,0,1.0172567000045092
43.32686290000129,5,0,0.7267265000045882
44.05429620000359,5,0,0.93445839999913
44.989622599998256,5,0,0.8016717000064091
45.79202890000306,5,0,0.7879759999996168
46.58078779999778,5,0,0.826011600001948
47.407597800003714,5,0,0.8103830999971251
48.21861550000176,5,0,0.7800005000026431
48.999341800001275,5,0,1.0157879999969737
50.01591170000029,5,0,0.8574966000014683
50.874081200003275,5,0,0.8913730999993277
51.76606950000132,5,0,1.2515905000036582
53.01814390000072,5,0,0.995924400005606
54.01458970000385,5,0,1.000822199996037
55.015942999998515,5,0,1.1669145000050776
56.18467170000076,5,0,1.0881024999980582
57.274061600001005,5,0,1.0370719000056852
58.31205630000477,5,0,1.4292674000025727
59.741887600001064,5,0,1.1623976999981096
60.90487710000161,5,0,1.1702281000034418
62.07574040000327,5,0,1.1627165999962017
63.239314899998135,5,0,1.1420664999968722
64.38209330000245,5,0,1.1399071999985608
65.52285990000382,5,0,1.1316494999991846
66.65507240000443,5,0,1.1310728999960702
67.78686290000041,5,0,1.176961900004244
68.96464650000416,5,0,1.2201261000009254
70.186254500004,5,0,1.426280500003486
71.61371850000432,5,0,1.2593973999973969
72.87394330000097,5,0,1.332167100001243
74.20699610000156,5,0,1.2889051999954972
75.49668090000341,5,0,1.2725090999956592
76.76974830000108,5,0,1.6603352000020095
78.43100589999813,5,0,1.418051699998614
79.84990400000243,5,0,1.4592272000008961
81.30976229999942,5,0,1.4362730000066222
82.74675710000156,5,0,1.6037465999979759
84.35114489999978,5,0,1.477200499997707
85.82905960000062,5,0,1.5293717999957153
87.35910059999878,5,0,1.480669399999897
88.84106099999917,5,0,1.6364687999957823
90.47818030000053,5,0,1.5676930000045104
92.04652050000004,5,0,1.7270661000002292
93.77432709999994,5,0,1.694239500000549
95.46923470000183,5,0,1.7781864999997197
97.24814999999944,5,0,1.7923586000033538
0.019616000005044043,6,25.356267399998615,0.11529650000011316
25.491868400000385,6,0,0.47568320000573294
25.968050100003893,6,0,0.2111836000040057
26.179770399998233,6,0,0.287774200005515
26.46808400000009,6,0,0.4873799999986659
26.956021600002714,6,0,0.34715329999744426
27.303577300001052,6,0,0.23258159999386407
27.53658350000478,6,0,0.3168143000002601
27.85392529999808,6,0,0.24566020000202116
28.100096599999233,6,0,0.3419359999970766
28.442552300002717,6,0,0.555256300001929
28.998309000002337,6,0,0.3434385000000475
29.342281400000502,6,0,0.34591440000076545
29.688628800002334,6,0,0.3323196999990614
30.02151330000197,6,0,0.4028046000021277
30.424828200004413,6,0,0.3289010000007693
30.754152200002864,6,0,0.3486514999967767
31.103335300002072,6,0,0.3038282999987132
31.407731799998146,6,0,0.4643084000053932
31.872525200000382,6,0,0.3706318000040483
32.243673700002546,6,0,0.571979200001806
32.81632240000181,6,0,0.9767619999984163
33.79370420000487,6,0,0.47169749999738997
34.266171700000996,6,0,0.6003800000034971
34.867054400005145,6,0,0.48426159999507945
35.3520753000048,6,0,0.4893400000000838
35.841999600001145,6,0,0.5391894999993383
36.381688100002066,6,0,0.5081719000008889
36.890589100003126,6,0,0.5446931999977096
37.43586520000099,6,0,0.5339361000005738
37.97035809999943,6,0,0.5460565999965183
38.51704469999822,6,0,0.5361197000020184
39.05381180000404,6,0,0.5949904000008246
39.64938819999952,6,0,0.6209836999987601
40.27091120000114,6,0,0.5311736000003293
40.802562700002454,6,0,0.7701242000039201
41.57323500000348,6,0,0.5833280000006198
42.157144900003914,6,0,0.8371055999959935
42.99466560000292,6,0,0.751986899995245
43.74715049999941,6,0,0.8878817000004346
44.635622000001604,6,0,0.6881290999954217
45.324370200003614,6,0,0.6821811999980127
46.007132899998396,6,0,0.7328816999943228
46.740649700004724,6,0,0.8101462999984506
47.55193710000458,6,0,0.9247286000027088
48.47778539999854,6,0,0.7530704000018886
49.231544300004316,6,0,0.8681725999995251
50.10047830000258,6,0,0.7655598999990616
50.866784700003336,6,0,0.871516100000008
51.73886610000045,6,0,0.8731247999967309
52.612698299999465,6,0,0.9095483999990392
53.52315040000394,6,0,0.8486186000009184
54.3724932000041,6,0,0.8368606000003638
55.209901599999284,6,0,0.8637795000031474
56.07425009999861,6,0,0.8871566000016173
56.961929700002656,6,0,0.9245091999982833
57.88721290000103,6,0,0.8907411999971373
58.77869959999953,6,0,0.8935952999963774
59.67291259999911,6,0,0.9181944000010844
60.592324900004314,6,0,1.2791467999995803
61.87205140000151,6,0,1.1429726999995182
63.015690899999754,6,0,1.029056600003969
64.04552520000288,6,0,1.087663900005282
65.1338934000014,6,0,1.0606388000014704
66.19544550000137,6,0,1.5099388000016916
67.70640890000504,6,0,1.2106615000011516
68.9177125999995,6,0,1.4123833999983617
70.33074480000505,6,0,1.3417843999995966
71.67325510000228,6,0,1.2992536000019754
72.97331020000274,6,0,1.3006955000018934
74.27473689999897,6,0,1.381563000002643
75.6572554000013,6,0,1.344034299996565
77.00193279999803,6,0,1.4408743999956641
78.44329200000357,6,0,1.3822018999999273
79.8260913999984,6,0,1.4090448999995715
81.2355791000009,6,0,1.3875914999953238
82.62385380000342,6,0,1.3899709000033909
84.01484190000338,6,0,1.5855465999993612
85.60090730000229,6,0,1.5126607999991393
87.11427160000312,6,0,1.5250338000041666
88.64038200000505,6,0,1.4801862999956938
90.12192270000378,6,0,1.5979656000054092
91.72097680000297,6,0,1.61740720000671
93.33902790000138,6,0,1.5381696999975247
94.87926169999992,6,0,1.5764619000037783
96.45644090000133,6,0,1.656969099996786
98.11415980000311,6,0,1.6415389999965555
99.75638479999907,6,0,1.5983368999950471
101.35544659999869,6,0,1.7160767000023043
103.072156000002,6,0,1.6238528999965638
104.69682040000043,6,0,1.5889186999993399
106.28621540000313,6,0,1.6916185000009136
107.9784925999993,6,0,1.5854828000010457
109.56486040000163,6,0,1.6213182999999844
111.18722459999844,6,0,1.6752522000024328
112.86310400000366,6,0,1.7907832999990205
0.02202419999957783,7,25.532772300000943,0.11413960000209045
25.669452100002673,7,0,0.1602366000006441
25.83014180000464,7,0,0.17808979999972507
26.008671300005517,7,0,0.1932939999969676
26.202519999998913,7,0,0.1794612999947276
26.382568200002424,7,0,0.20973809999850346
26.59270010000182,7,0,0.5836209999979474
27.17687229999865,7,0,0.3989432999951532
27.57617559999926,7,0,0.23852790000091773
27.81508380000014,7,0,0.31122229999891715
28.126737200000207,7,0,0.2965745999972569
28.423663300003682,7,0,0.2831993999934639
28.707340100001602,7,0,0.2569608999983757
28.964720100004342,7,0,0.3039204000015161
29.268997899998794,7,0,0.5762467000022298
29.845692200004123,7,0,0.35258230000181356
30.198846300001605,7,0,0.30994510000164155
30.509264600004826,7,0,0.3675562999997055
30.87718780000432,7,0,0.3115875000003143
31.18917599999986,7,0,0.46837349999987055
31.657991899999615,7,0,0.36461160000180826
32.02299950000452,7,0,0.32647529999667313
32.34991720000107,7,0,0.35145059999922523
32.701834899999085,7,0,0.44686820000060834
33.14934170000197,7,0,0.36950159999832977
33.51919530000305,7,0,0.36871009999595117
33.888452099999995,7,0,0.34093880000000354
34.23001810000278,7,0,0.49534780000249157
34.72575720000168,7,0,0.3936734999952023
35.120023300005414,7,0,0.6910309999948367
35.811576500003866,7,0,0.4412210000009509
36.25335370000539,7,0,0.5548016999964602
36.808634100001655,7,0,0.42676859999482986
37.235953100003826,7,0,0.6615882999976748
37.898050100004184,7,0,0.48418110000056913
38.382732700003544,7,0,0.4889705999958096
38.87220750000415,7,0,0.4924081999997725
39.36518939999951,7,0,0.5226199000026099
39.8883233000015,7,0,0.6371100000033039
40.52614860000176,7,0,0.5311046999995597
41.05772780000552,7,0,0.9369542999993428
41.995383699999365,7,0,0.6493415999939316
42.64554440000211,7,0,0.5990582000013092
43.24535670000478,7,0,0.6024385999990045
43.84834889999911,7,0,0.689984500000719
44.538894500001334,7,0,0.6409580999970785
45.18034930000431,7,0,0.6122524999955203
45.793265899999824,7,0,0.731887399997504
46.52558059999865,7,0,0.6634024999948451
47.18954120000126,7,0,0.6547212000004947
47.84497050000209,7,0,0.6588114999976824
48.50467070000013,7,0,0.8540744999991148
49.35948640000424,7,0,0.9182351000054041
50.279494300004444,7,0,0.9632234999953653
51.24321649999911,7,0,0.7695488000026671
52.0140293000004,7,0,0.9945135000016307
53.00939930000459,7,0,1.065715899996576
54.075994300001184,7,0,0.8921951999946032
54.96957459999976,7,0,0.855912699997134
55.82606930000475,7,0,0.8942949999982375
56.72168160000001,7,0,0.9002146999991965
57.62278309999965,7,0,0.9474059999993187
58.57090600000083,7,0,0.9191031999944244
59.490656100002525,7,0,0.9039252000002307
60.39593460000469,7,0,1.1779162000020733
61.57443830000557,7,0,1.156673099998443
62.73244700000214,7,0,1.0217588000014075
63.754957600001944,7,0,1.06246739999915
64.8182369999995,7,0,1.056270900000527
65.87536579999869,7,0,1.114068299997598
66.99024170000484,7,0,1.4901050999978906
68.48095090000425,7,0,1.3380590000015218
69.81962410000415,7,0,1.2928882999985944
71.11327000000165,7,0,1.2972012999962317
72.41122690000338,7,0,1.324927599998773
73.73682990000088,7,0,1.344478099999833
75.08191850000003,7,0,1.39199440000084
76.4745483000006,7,0,1.361891900000046
77.83710150000115,7,0,1.4108886000030907
79.24861670000246,7,0,1.3828155000010156
80.63211820000288,7,0,1.411731599997438
82.04451600000175,7,0,1.4106794000035734
83.45585109999956,7,0,1.62371919999714
85.08025389999966,7,0,1.5338272000008146
86.61469670000224,7,0,1.5110043000022415
88.12649210000382,7,0,1.468604100002267
89.5958671000044,7,0,1.4404263000033097
91.03807210000377,7,0,1.4214281999957166
92.46024700000271,7,0,1.4052735999939614
93.86616879999929,7,0,1.5183477999962633
95.38523730000452,7,0,1.5674531000040588
96.95340289999876,7,0,1.5064196999956039
98.46047480000561,7,0,1.511152500002936
99.9725529999996,7,0,1.528673600005277
101.50204179999855,7,0,1.5228579999966314
103.02589720000105,7,0,1.5608167000027606
104.58731629999966,7,0,1.5122620000038296
106.10052559999895,7,0,1.533129800001916
107.63499640000373,7,0,1.5982145999951172
109.23405160000402,7,0,1.6452331999971648
110.88011679999909,7,0,1.567052500002319
112.44823040000483,7,0,1.5946655000007013
114.04364820000046,7,0,1.798049400000309
115.84314509999967,7,0,1.6285084000046481
117.4724062000023,7,0,1.910896599998523
0.022094299994932953,8,25.508557200002542,0.17437900000368245
25.705548799996905,8,0,0.2013368000043556
25.907409599996754,8,0,0.1651622999997926
26.07301899999584,8,0,0.18876599999930477
26.26229539999622,8,0,0.27220329999545356
26.53488279999874,8,0,0.17479529999400256
26.710105199999816,8,0,0.26028670000232523
26.97081199999957,8,0,0.2558827000029851
27.22720169999957,8,0,0.2230240999997477
27.45075099999667,8,0,0.29329679999500513
27.744594799994957,8,0,0.27379320000181906
28.018808299995726,8,0,0.2790409000008367
28.298348699994676,8,0,0.22627149999607354
28.525090999995882,8,0,0.29937519999657525
28.82486589999462,8,0,0.30047819999890635
29.12570009999763,8,0,0.3514551999978721
29.477545599998848,8,0,0.28724079999665264
29.76525699999911,8,0,0.8408688999988954
30.606610399998317,8,0,0.34595169999374775
30.95296650000091,8,0,0.34260899999935646
31.296035699997446,8,0,0.3052492999995593
31.60178559999622,8,0,0.34057640000537504
31.94273329999851,8,0,0.33980040000460576
32.283034599997336,8,0,0.45796799999516224
32.74145999999746,8,0,0.45870400000421796
33.20058389999758,8,0,0.3754969000001438
33.57656270000007,8,0,0.38360480000119423
33.96072749999439,8,0,0.4620481999954791
34.42331159999594,8,0,0.3695988999970723
34.79348449999816,8,0,0.4340602999945986
35.22801079999772,8,0,0.38536999999632826
35.61391339999682,8,0,0.3980941999980132
36.012790900000255,8,0,0.3732884999990347
36.386630199995125,8,0,0.4047483000031207
36.79193300000043,8,0,0.5320181999995839
37.32439539999905,8,0,0.4491455000024871
37.77405159999762,8,0,0.7241662000014912
38.498831099997915,8,0,0.4643484999978682
38.96392699999706,8,0,0.44946479999634903
39.41390300000057,8,0,0.4746914000061224
39.88918349999585,8,0,0.6056944000010844
40.495521500000905,8,0,0.6542105999978958
41.15017770000122,8,0,0.531839300005231
41.68263830000069,8,0,1.737986500003899
43.421473700000206,8,0,0.6945641999991494
44.11660269999993,8,0,0.79888039999787
44.91597879999608,8,0,0.723349199994118
45.640446799996425,8,0,0.7404779999997118
46.381559099994774,8,0,0.7272500999970362
47.109590000000026,8,0,0.7392347999993945
47.849480899996706,8,0,0.7409530000004452
48.591227599994454,8,0,0.8291458000021521
49.421017499997106,8,0,0.7494122999996762
50.171248699996795,8,0,0.7686532999941846
50.940956300000835,8,0,0.833611000001838
51.77508300000045,8,0,0.7502577999985078
52.526192999997875,8,0,0.8150164999970002
53.34181279999757,8,0,1.107291799999075
54.450096299995494,8,0,0.8385683000014978
55.28934179999487,8,0,0.9553670000022976
56.245229799998924,8,0,0.9578164999984438
57.20357420000073,8,0,1.0937603000056697
58.29808419999608,8,0,0.952162400004454
59.25087589999748,8,0,0.9454820000028121
60.19704929999716,8,0,0.9280373000001418
61.12580219999654,8,0,1.1334199999982957
62.26019670000096,8,0,1.0643265999970026
63.32551799999783,8,0,1.0690864999996847
64.3950479999985,8,0,1.0598266000015428
65.45556450000004,8,0,1.0992527000053087
66.5560170999961,8,0,1.0779404999993858
67.63487969999551,8,0,1.1329757000057725
68.7686520999996,8,0,1.0902568000019528
69.85959989999537,8,0,1.085091699998884
70.9453840999995,8,0,1.0871337999997195
72.03309739999531,8,0,1.300927899996168
73.33460930000001,8,0,1.1663293999954476
74.5016708999974,8,0,1.1631622000058996
75.66563909999968,8,0,1.4054969000062556
77.07160699999804,8,0,1.2866909000003943
78.35895609999716,8,0,1.3576115000032587
79.71714719999727,8,0,1.2951691999987816
81.01313459999801,8,0,1.3384139000045252
82.35499279999931,8,0,1.3253160000022035
83.6813475999952,8,0,1.5112684999985504
85.19315799999458,8,0,1.4490163000009488
86.64267009999458,8,0,1.3741968000031193
88.01760539999668,8,0,1.5521865999980946
89.5704706999968,8,0,1.4872155999983079
91.05854339999496,8,0,1.5752367000022787
92.63444709999749,8,0,1.5371606999979122
94.1723456999971,8,0,1.5238092999934452
95.69755079999595,8,0,1.5588040000002366
97.25723199999629,8,0,1.6467233000003034
98.9052331999992,8,0,1.5385794999965583
100.44482289999723,8,0,1.5527327000017976
101.99821049999446,8,0,1.6151535000026342
103.61411640000006,8,0,1.6028140999987954
105.21782659999735,8,0,1.6093516000037198
106.8278663999954,8,0,1.664615399997274
108.49324889999843,8,0,1.57912750000105
110.07315739999467,8,0,1.608428500003356
111.68238909999491,8,0,2.0074137000046903
0.023898400002508424,9,24.945841199994902,0.28954479999811156
25.26005740000255,9,0,0.16920250000111992
25.429685499999323,9,0,0.1965293000030215
25.626744599998347,9,0,0.8917356999954791
26.51892969999608,9,0,0.403905000006489
26.92349049999757,9,0,0.3124487000022782
27.236356499997783,9,0,0.32419029999437043
27.560955200002354,9,0,0.29790959999809274
27.859282699995674,9,0,0.44851180000114255
28.308251199996448,9,0,0.3643339999980526
28.673380699998233,9,0,0.32228680000116583
28.99609519999649,9,0,0.5078592999998364
29.50447780000104,9,0,0.3557427999985521
29.86067699999694,9,0,0.43436900000233436
30.295553600000858,9,0,0.3747716999932891
30.67068979999749,9,0,0.38280110000050627
31.05401239999628,9,0,0.35638810000091325
31.41099579999718,9,0,0.6369884000014281
32.04843329999858,9,0,0.654573599997093
32.703542399998696,9,0,0.5632334999972954
33.267381300000125,9,0,0.48940079999738373
33.75726549999672,9,0,0.6232894999993732
34.3810766999959,9,0,0.4977417999980389
34.879650399998354,9,0,0.5358156999936909
35.41612589999568,9,0,0.5143183000036515
35.9310811999967,9,0,0.5348668999940855
36.466604799999914,9,0,0.5154975000041304
36.98264770000242,9,0,0.5210829999996349
37.50433460000204,9,0,0.5368014999985462
38.0417008000004,9,0,0.6160916000008001
38.65835779999907,9,0,0.5216471000021556
39.18065270000079,9,0,0.5684477999966475
39.74967769999785,9,0,0.5905131999970763
40.3407068000015,9,0,0.586312799998268
40.92758740000136,9,0,0.5564250999959768
41.48462940000172,9,0,0.6452905999976792
42.13040490000276,9,0,0.8935981999966316
43.02453760000208,9,0,0.6640721000003396
43.68912380000256,9,0,1.1035717999984627
44.79321969999728,9,0,0.815434500000265
45.60933429999568,9,0,0.9363054999994347
46.54620109999814,9,0,0.8386947000035434
47.38542369999777,9,0,0.8176238000014564
48.20358850000048,9,0,0.8049234999998589
49.00970729999972,9,0,0.8490482000051998
49.859425000002375,9,0,0.8538366000066162
50.71381829999882,9,0,0.7979368999949656
51.512259000002814,9,0,0.8028115999986767
52.31604050000169,9,0,0.8464089999979478
53.163036199999624,9,0,0.8128500999955577
53.9768894000008,9,0,0.8854771000042092
54.86336660000234,9,0,0.864254299995082
55.728170900001714,9,0,0.8968050999974366
56.62558020000142,9,0,1.0003920000017388
57.62703189999593,9,0,0.898430900000676
58.52598009999929,9,0,0.8958683000018937
59.42255599999771,9,0,1.0003346000012243
60.42378969999845,9,0,0.9132239999962621
61.33774779999658,9,0,0.9563433999937843
62.29491920000146,9,0,0.950881799995841
63.246541399996204,9,0,0.9448057000045083
64.19235389999812,9,0,0.9714369000066654
65.16437349999615,9,0,0.9975227000031737
66.16310169999633,9,0,0.9925224999969942
67.15656859999581,9,0,0.971694200001366
68.12880710000172,9,0,1.02720810000028
69.15660870000283,9,0,0.9599809999999707
70.1177463999993,9,0,0.9702765999973053
71.08858189999592,9,0,0.9680933999989065
72.05732279999938,9,0,0.9865755000064382
73.04473139999754,9,0,0.97687080000469
74.02252439999575,9,0,0.9839701000018977
75.00740489999589,9,0,0.9816752999977325
75.98968890000106,9,0,1.0449977999960538
77.03532989999803,9,0,1.0158280999967246
78.05168029999913,9,0,1.0645537000018521
79.11722349999764,9,0,1.113115000000107
80.23103560000163,9,0,1.0889654000056908
81.32136529999843,9,0,1.2956741999951191
82.6176157000009,9,0,1.1604731000043103
83.77863129999605,9,0,1.180220999995072
84.95961610000086,9,0,1.1206039999960922
86.08101300000271,9,0,1.1785412000026554
87.26133619999746,9,0,1.2834115000005113
88.54528969999956,9,0,1.3104927000022144
89.85661750000145,9,0,1.2606617000055849
91.11791390000144,9,0,1.2340586999998777
92.35256400000071,9,0,1.190556599998672
93.54380919999676,9,0,1.2127624999993714
94.75723109999672,9,0,1.2236360000024433
95.98140240000066,9,0,1.214061300001049
97.19616929999756,9,0,1.2025705999985803
98.39977029999864,9,0,1.347679500002414
99.74788909999916,9,0,1.269528700002411
101.01802399999724,9,0,1.3528098999959184
102.37170669999614,9,0,1.322897699996247
103.69534389999899,9,0,1.3058015999995405
105.00165379999817,9,0,1.3393078000008245
106.34325430000172,9,0,1.3543003000013414
107.69825539999874,9,0,1.3226210000066203
109.02150249999977,9,0,1.3349881999965874
110.35719550000067,9,0,1.3856377999982215
111.7439422000025,9,0,1.4944115000034799
113.23896000000241,9,0,1.3922622000027332
114.63183630000276,9,0,1.4862131999980193
116.11867879999772,9,0,1.4628233999974327
117.5821763999993,9,0,1.4535365999981877
119.03662009999971,9,0,1.6389554000052158
120.67656529999658,9,0,1.529788899999403
122.20699590000004,9,0,1.619296899996698
123.82702279999648,9,0,1.5916717000000062
125.41930039999716,9,0,1.6858917999998084
127.10589120000077,9,0,1.9738031000015326
0.024479100000462495,10,25.17447909999464,0.18940270000166493
25.388919899996836,10,0,0.1506904999987455
25.54013799999666,10,0,0.2185470999975223
25.759052399997017,10,0,0.1915962000057334
25.95106659999874,10,0,0.6535081999973045
26.604982299999392,10,0,0.21867599999677623
26.82403869999689,10,0,0.29325539999990724
27.117797200000496,10,0,0.7068411000000197
27.825076200002513,10,0,0.7893171999967308
28.614871799996763,10,0,0.3195627000022796
28.934998099997756,10,0,0.5991680000006454
29.53514880000148,10,0,0.46740349999890896
30.00318459999835,10,0,0.4673938999985694
30.47116780000215,10,0,0.4218821000031312
30.893456500001776,10,0,0.43285849999665515
31.326867600000696,10,0,0.3929426999966381
31.72049810000317,10,0,0.43332419999933336
32.15442600000097,10,0,0.47178079999866895
32.626691999998,10,0,0.40945060000376543
33.03679209999973,10,0,0.4581924000012805
33.495418799997424,10,0,0.42379259999870555
33.91986480000196,10,0,0.46531580000009853
34.38578569999663,10,0,0.4326520000031451
34.81915039999876,10,0,0.6420150999983889
35.461722899999586,10,0,0.46071870000014314
35.92304950000107,10,0,0.5288937000004807
36.45234999999957,10,0,0.5876889999999548
37.04058449999866,10,0,0.4810813000003691
37.52221660000214,10,0,0.6909163000018452
38.21388409999781,10,0,0.6124571999971522
38.82684370000061,10,0,0.5588846999962698
39.38641020000068,10,0,0.6422155000036582
40.02922660000331,10,0,0.873610100003134
40.9033563999983,10,0,0.6722455999988597
41.576294600003166,10,0,0.6226415000055567
42.19958279999992,10,0,0.6574682999998913
42.857661399997596,10,0,0.9311095000011846
43.78931729999749,10,0,0.671488700005284
44.46134600000369,10,0,0.7091475999986869
45.171054500002356,10,0,0.710959100004402
45.88326599999709,10,0,0.675897500004794
46.559722700003476,10,0,0.7056702999980189
47.26594930000283,10,0,0.6726945999980671
47.939313399998355,10,0,0.7065247999998974
48.646386400003394,10,0,0.6862787999998545
49.33318809999764,10,0,0.6871830000018235
50.02090109999699,10,0,0.7078140000012354
50.72926849999931,10,0,0.6776586999985739
51.40741729999718,10,0,0.8243325000003097
52.2323430999968,10,0,0.716018899998744
52.949220700000296,10,0,0.7664479999948526
53.71696140000131,10,0,0.7281883000032394
54.44585989999905,10,0,0.8211228000000119
55.267980500000704,10,0,0.7186560999980429
55.98764680000022,10,0,0.7440625999952317
56.73226930000237,10,0,0.7511386000041966
57.48387979999825,10,0,0.7564456000036444
58.241085399997246,10,0,0.7425805000020773
58.984207499997865,10,0,0.7661337999961688
59.75086690000171,10,0,0.7861407000018517
60.5375617000027,10,0,1.156377400002384
61.69461150000279,10,0,0.8716604000001098
62.56710960000055,10,0,0.911985899998399
63.47997040000337,10,0,0.890795799998159
64.37151289999747,10,0,0.8608873999983189
65.2330976000012,10,0,0.911482800001977
66.14510049999808,10,0,0.9381909000003361
67.08379740000237,10,0,1.1081231999996817
68.19243200000346,10,0,0.9859333999993396
69.17893709999771,10,0,0.957089100003941
70.13667059999716,10,0,0.9621176999935415
71.09963900000002,10,0,0.8957869000005303
71.9961656000014,10,0,0.9702643999989959
72.96718669999973,10,0,0.9765171999970335
73.94436359999963,10,0,0.9209842999989633
74.86590630000137,10,0,0.9574162999997498
75.82447580000007,10,0,0.9952540000012959
76.82034289999865,10,0,0.9758904000045732
77.79679190000024,10,0,1.0225294999981998
78.82009670000116,10,0,1.092307200000505
79.9131417000026,10,0,1.0810424000010244
80.9948860000004,10,0,1.0419036000021151
82.0374604000026,10,0,1.0497813999973005
83.08784190000006,10,0,1.0519245999967097
84.14040599999862,10,0,1.071512199996505
85.21247900000162,10,0,1.174727300000086
86.38777619999746,10,0,1.0815666999988025
87.47058510000352,10,0,1.4047987999947509
88.87596080000367,10,0,1.266101000001072
90.14282269999967,10,0,1.1865439000030165
91.33012759999838,10,0,1.1800627000047825
92.51069119999738,10,0,1.2285384999995586
93.74000859999796,10,0,1.2170169000019087
94.95796510000218,10,0,1.2311031999997795
96.18958679999923,10,0,1.2098295000032522
97.39999099999841,10,0,1.2383020000052056
98.6389898999987,10,0,1.2646064000000479
99.90432169999985,10,0,1.2661308999959147
101.17122329999984,10,0,1.330544700002065
102.50242979999894,10,0,1.2681114000006346
103.77148480000324,10,0,1.5170670000006794
105.28917160000128,10,0,1.4082182999991346
106.69838210000307,10,0,1.3885210000007646
108.08758069999749,10,0,1.4148577000014484
109.5031444999986,10,0,1.3830760999990162
110.88693680000142,10,0,1.4341107000000193
112.32172549999814,10,0,1.4085250999996788
113.73103740000079,10,0,1.4559701000034693
115.18785919999937,10,0,1.5406052000034833
116.72905390000233,10,0,1.5833560999963083
118.31324060000043,10,0,1.5621632999973372
119.87597249999817,10,0,1.6174748000048567
121.49436609999975,10,0,1.650951100004022
123.1463253999973,10,0,1.943257500002801
